index,Frequency
really,5
shawnjohnsons,1
toddantonyphoto,1
nosajthe,1
broken,1
tired,2
collect,1
brasileira,1
best,3
happiness,1
process,1
drawstring,1
homework,1
eight,1
great,19
teach,7
mirror,1
slow,2
command,1
probably,1
vichka35,1
therealanarvaez,1
holland,1
baylor,1
program,6
cool,2
eliminate,1
shine,5
everything,19
conversation,1
shortcut,1
enable,1
dylan,1
airwave,1
innovation,3
ingridsilva,2
breda,1
jewelry,1
revolution,2
erynncpatrick,3
association,3
ivanaspanovic,1
smooth,1
datum,2
osterley,1
footballbeyondborder,1
defend,4
willing,2
traditionally,2
reflect,1
dunn,1
preparation,1
leg,1
elisvitolina,1
perfeio,1
membership,1
social,2
student,2
600,1
year,43
jdscigano,2
philippines,1
noexcuse,3
room,2
execute,1
seven,3
autumn,1
complaining,1
transcend,2
fever,1
protect,2
oregongridiron,1
luis,1
mathewfras,1
rory,2
recycle,1
shave,1
respectful,1
relevant,1
rome,1
king,2
radjoe74,1
truly,3
martingarrix,1
belt,2
2013,9
vamos,1
campaign,1
former,1
choice,1
train,15
everyone,14
basquet,1
proof,2
henry,1
tune,1
waffle,1
tell,33
rarely,1
celebration,1
dreams,3
gs2,1
dozen,1
magic,1
creed2,1
upper,1
holding,1
kendrick,1
evening,2
conserve,1
unreal,1
shrine,1
dalia,4
paddle,1
liftedrunner,1
ruta,1
mvp,3
tragedy,1
approach,1
however,1
nationalchampionship,1
remain,1
happyfathersday,1
preedgolf,1
log,2
recovery,2
rexe,1
deserve,4
profit,1
far,16
bones,1
paralympic,1
silence,3
marathon,42
orizaba,1
forgender,1
miami,1
marcgasol,1
push,17
3000,1
head,5
finish,24
folk,1
vacation,4
nikefootball,11
determined,1
untouchable,1
myerolymos,1
modest,1
easy,6
enough,4
empowerment,1
assume,2
empower,3
alone,3
unveil,1
jinan,1
joan,1
history,13
campus,1
rebirth,1
florida,1
lebron12,1
masterful,1
mller,1
space,5
determine,2
iceland,1
model,4
theyre,1
professional,4
steal,1
seaming,1
premiere,1
element,4
kobe,7
suppose,4
robinnyc,2
international,5
gosh,1
job,4
fly,12
queen,1
incredible,3
dianataurasi,1
background,1
gasol,3
accommodate,1
fourth,1
negative,1
naomiosaka,2
irem,2
country,10
zone,5
hunker,1
throughout,1
tex,1
rubber,1
ocean,2
documentary,1
week,10
hyde,1
ride,3
environmentally,1
myth,1
benoit,1
alabamafbl,1
spine,1
grief,1
able,5
surfer,2
happy,3
airmax,3
vote,2
somewhere,1
histria,1
armynavy,1
homeland_life,1
upside,1
prod84,2
niketoronto,1
singular,1
qualifying,1
impact,3
convertible,1
system,1
bebe_vio,2
lunartr1,1
absolute,1
pipe,1
know,34
supernatural,1
intentionally,1
handshake,1
soon,2
outsole,1
guide,1
often,3
mud,1
crown,1
fairway,1
advice,1
weatherman,1
sole,1
offer,2
public,1
workout,5
statue,2
dancing,2
nikerunningfor,1
moscow,1
could,20
rich,1
sniperjones35,3
attitude,1
teeixeirale,1
federer,2
monday,2
joshblaaberg,1
upuntil,1
nesse,1
mariasharapova,1
style,9
loss,1
pinoy,1
wave,4
galen,1
confident,1
root,3
futebol,1
later,5
headquarters,1
native,3
compete,3
reminder,1
nikewomen,7
mariepurvis,1
tight,4
fighting,1
lodge,1
championship,7
erickoston,1
snowboarding,1
colorway,4
answer,1
balance,1
dare,1
forth,1
yi_jl,1
slip,1
month,10
flower,2
barrier,8
vault,1
af1,1
track,19
remember,4
spit,4
golf,3
fact,2
durzt,1
prelive,1
thelegendgrow,1
windrunner,1
action,3
toughness,1
different,4
groove,1
people,23
situation,1
grade,2
adela,1
certain,1
super,4
mad,1
philosophy,1
marc,1
collaboration,6
extension,1
manuellinan,1
shot,1
ambition,1
something,18
wheel,1
write,6
olihillyer_riley,1
welcome,7
base,3
glow,1
troop,1
breathe,1
fitsumnyc,1
ayus,1
kipchoge,7
picture,3
san,5
powder,1
strengthen,1
tee,1
benefit,1
sport,55
piece,1
kit,3
recognize,2
fifth,3
hoop,5
madness,1
credit,1
golden,1
usnikefootball,16
nikeyoungathlete,1
dominicnahr,1
tamtambasketball_official,1
flood,1
sight,3
light,11
australian,1
untilweallwin,4
hour,7
strong,10
episode,3
afrojack,1
search,2
spread,3
official,1
sting,1
accomplishment,1
much,13
croatia,1
homestretch,1
superfly,2
japans,1
group,3
masters,1
vapor,7
festival,2
belief,7
march,1
adwoaaboah,4
rehydrate,1
whole,3
unless,1
kianahayeri,1
concrete,2
tonight,10
obsessive,1
daughter,1
grandstand,1
someday,1
circuit,1
never,42
samuelson,1
nikerunne,7
gain,1
13thwitness,1
maven,1
chain,1
equipment,1
extend,1
15k,1
behind,3
traditional,5
create,12
film,3
night,10
blur,1
artiwara,1
jmedvedevaj,1
ji_soyun10,1
culture,6
cj81,1
moneal,1
lunar1,3
iphone,2
fcb,1
quick,1
sometimes,5
finishline,1
toll,1
competition,8
back,27
2nd,1
crash,1
escreve,1
endurance,1
definitive,1
day,48
chance,10
high,11
binding,1
value,2
igtv,7
viva,2
werunsf,2
pat,1
minimalist,1
reflection,1
chicago,11
harlem,2
stigma,1
open,4
williams,2
balun,1
trial,1
rashford,1
congressi,1
american,1
pack,5
proclaim,1
launch,3
shre,1
plan,2
bonding,1
laptev_kirill,2
fabric,1
keenanmac,1
secret,1
wind,1
chalk,1
waste,2
length,2
mostraseujogo,1
warm,3
monk,3
gift,1
copacabana,1
blister,2
bucket,1
team,39
keepup,5
shrink,1
baseball,1
emerge,2
establish,1
separate,1
undiscovered,1
number,6
boxing,4
roster,2
parti,1
sozinha,1
hang,2
squad,9
dahl,1
luanomatriz,1
fence,1
integral,1
rush,1
askwhatif,1
ramp,1
replace,1
temperature,2
unit,1
childotu,3
italy,2
disparity,1
heat,3
stream,1
collide,2
nrc,1
anyone,8
2015,2
rally,2
hyperfuse,2
water,9
swiss,2
saint,1
tr1,2
perceive,1
headphone,1
tokyo,3
lucia,1
stallion,1
option,1
repellent,1
young,11
evie___lane,1
lifelong,1
double,2
49er,1
shredder,1
kimiyasho,1
still,12
tiny,2
2020,8
brighten,1
nowhere,1
shoe,14
eleven,1
grandest,1
child,4
ago,4
unlimited,1
monica,1
ground,4
none,3
vary,1
ninjas,1
carririchardson,1
shatter,2
soul,2
chairlift,1
term,2
motion,2
rank,1
fuelcheck,6
unthinkable,1
willgoodan,1
crisp,2
early,9
2021,1
ethic,1
finalist,3
unnecessary,1
nod,1
say,15
pledge,5
debra,2
tall,1
prove,15
usa,2
bridge,3
svitolina,1
direction,4
donate,1
energy,7
instead,3
tear,1
hardflip,1
shiho,1
momtaz,1
java,1
guidance,1
representation,4
via,1
must,2
katebone,1
boston,1
chilean,1
azusa,4
surround,1
alpine,1
weave,1
fire,6
sprinter,1
carnaval,2
resilient,1
blame,1
fearlessly,1
rule,4
least,1
language,4
aussie,2
unstoppable,5
bretmanrock,1
morning,3
applause,1
rest,5
valle,1
jasmine,1
seem,6
expotique,1
breaking2,2
test,5
nike,168
mumbai,1
mode,1
curriculum,1
covet,1
session,3
definition,2
adapt,2
manmade,1
speed,6
forward,10
amputate,1
captain,1
sign,2
serbian,1
millionaire,1
story,24
activity,1
scientist,1
everyday,1
another,19
chaotic,1
beckon,1
smell,1
vertical,1
talk,7
lovingly,1
saturdays,1
underestimated,1
fierce,3
modern,1
inside,3
vestindo,1
notice,3
heart,8
stereotype,3
jersey,3
friend,7
taco,1
gyakusou,11
revolutionize,1
unknown,2
divide,1
information,3
lifestyle,2
achieve,6
gymkhana,1
measure,5
jogamos,1
across,8
felipe,1
miss,2
fitsums,2
fun,2
experience,7
little,10
web,1
step,25
longevity,1
perspective,2
uniforme,1
center,5
redseacitizen,1
northwest,1
yellow,1
salute,1
bed,2
jungle,1
smash,2
nicolasmuellair,1
buddhist,1
condolence,1
financial,2
cody,1
keep,36
bears,3
elastic,1
indian,1
wbu,1
visit,3
fog,1
rachwinwong,1
meticulous,1
educate,1
lawn,1
respect,2
union,1
daddydark,1
hug,1
rare,1
lunarendor,2
ability,1
deeply,1
rugged,1
event,4
skate,12
ever,17
kai,1
burn,2
boot,8
daphneewingchow,1
johannesburg,1
simone,1
4th,1
indonesia,1
connection,2
silver,1
shesherun,1
jordan,1
angeles,2
joy,2
wuhan,1
nature,3
profile,2
colour,1
silent,1
thread,5
extraordinary,1
foe,1
family,12
paula_radcliffe,2
friday,1
wait,4
sail,1
complete,2
trazer,1
prefontaine,5
friendly,2
brooklyn,1
roxannefequiere,1
design,11
nike2020,1
season,7
yet,3
find,39
daunt,1
26th,1
october,4
express,3
rooney,1
power,9
right,14
cristiano,6
bill,2
skill,3
wish,1
guangzhou,1
viii,2
nikesverige,1
853,1
choose,5
hns_cff,1
allow,2
photo,22
pentagon,1
runnwm,13
kerronclement,1
unafraid,1
marcusrashford,2
stretch,2
michaelbjordan,1
joanbenoitsamuelson,1
agree,1
aphotochick,1
megan,2
successful,2
timer,2
llobregat,1
champ,3
seb,1
sparq,1
chiefs,1
evolution,1
mark,2
attention,1
migrant,1
feature,17
thailand,1
motivation,2
rewrote,1
decorate,2
play4kay,1
5333,1
illegal,1
naysayer,1
success,2
promise,1
deception,1
shalane,1
dannykass,2
forget,9
salsa,1
smile,4
shake,1
bank,1
fight,17
receiver,1
difficult,1
fiber,1
skate_girls_snap,2
its_kairabaaa,1
minute,4
neil,1
silhouette,1
advocacy,1
saturday,2
france,1
sand,2
sisterhood,3
gspon,1
online,1
rooftop,1
kyrieirving,1
frozen,1
rug,1
triathlon,2
define,7
meeting,2
sundays,1
rawtape,1
skin,2
mackshepp,1
definitely,1
paulaaloe,1
onestep4re,2
equality,4
avid,1
reality,2
scene,3
vocal,1
size,2
full,17
lebronx,3
caroline,1
walk,6
triumphant,1
monsters,1
capable,1
volume,1
trim,1
ou_football,1
bay,1
b360baltimore,1
breakthrough,2
outdoors,1
emphasize,1
entertain,1
call,5
southbank,2
service,1
act,1
virgilvandijk,1
manila,1
fsb,1
lightweight,3
cerebral,1
crowd,4
barbadian,1
aspiration,1
sports,1
theestallion,1
someone,5
rafaelnadal,4
research,1
berlins,1
paulo,1
mix,2
stage,13
abuela,2
affect,3
400,1
discovery,1
technology,2
game,45
board,2
olympics,2
medals,1
cheerleader,3
nymade,1
highlight,2
tomorrow,17
yasemin,4
nikerunning,8
laugh,2
overnight,1
balletic,1
life,25
ronaldo,2
kobesystem,2
jumpman,1
reward,4
ring,7
suggestion,1
vegas,2
cry,1
pennant,1
depend,1
lunar,3
fail,2
opposite,1
http,1
land,2
remarkable,2
nickname,1
sbpanam,1
sideline,1
south,3
even,14
pace,1
pre,4
kevinhart4real,1
every,37
seriously,1
switch,1
nikesb,4
timeazusa,1
east,3
blacksinballet,2
meowyjo,1
uninterrupted,1
thank,15
elementary,1
undisclosed,1
hope,5
box,1
community,32
scout,2
adopt,1
effect,2
uconn,1
strand,1
storied,1
iniesta,1
select,2
sahraisha,1
chiles,1
divas,1
findgreatness,11
feel,15
boi,1
embark,1
landscape,3
simonahalep,2
volunteer,1
formula,1
initiative,1
frigid,1
weight,2
dylanalcott,1
black,12
exchange,1
bag,2
teaching,1
hop,1
vashtizzle,1
designer,1
costume,1
2k12,1
swimming,2
gutsiness,1
exercise,1
navigate,1
excuse,6
conclusion,1
weather,5
slope,2
aggressive,2
put,13
final,3
hackney,1
sheer,1
pond,1
breathable,1
build,10
backside,1
industry,1
england,6
court,18
kamworor,1
cross,3
james,2
j_nesi,1
honor,4
anywhere,6
turf,1
green,8
literacy,1
meet,15
order,1
wear,5
expectation,8
hardwood,2
argentina,1
yukai,2
nicole,1
boxer,6
lajamanu,1
hell,1
beyond,4
tuscaloosa,1
donthibernate,1
either,3
helden,1
congratulation,2
swing,1
sxswcount,1
inner,1
college,5
omoide,1
beginning,2
doubt,2
recently,1
mars,2
daily,1
failure,2
see,43
fittest,1
footprint,1
fuelbands,1
325,1
scorer,1
cedar,1
voltwoman,1
skating,1
europe,4
sense,2
dirt,1
nikelondon,1
choir,1
kipchogeeliud,5
state,1
knit,5
makersofthegame,2
happyearthday,1
joelhoneywell,1
location,2
foil,1
toenail,1
hanna_backstrom,1
government,1
racial,2
rider,2
280,1
time,50
rogerfederer,2
champion,15
iron,2
backcountry,2
obviously,1
serious,1
honeys,1
lie,3
lifetime,2
impression,1
roco_runs,1
outspoken,1
barclays,1
accordance,3
paradise,1
risk,1
russia,1
leepster,1
kid,12
garros,1
meal,2
race,11
rainbow,1
participation,1
simonebile,1
cortez,3
lunar2,1
word,4
adversity,2
bra,5
golfing,1
watch,19
striker,1
nobody,3
simple,4
pound,2
cancer,1
nevado,1
progress,3
camp,1
beautiful,4
threat,1
prodigy,1
dance,6
tradition,3
relentlessly,1
performer,1
link,23
kerr,1
yoff,1
kristina,1
global,6
force,5
saradunlop,1
woman,40
north,1
major,12
stubborn,1
lace,6
academy,4
pursue,2
collection,12
sorry,1
try,11
devote,1
jump,2
ensine,1
owner,1
flyinglotus,1
democratic,1
mindset,1
durable,1
volleyball,1
excitement,1
mondays,3
buddhism,1
benchmark,1
breast,1
abuelas,2
innovator,2
nairobi,1
meaning,1
senegalese,1
pool,3
tcsnycmarathon,2
eastern,1
ghanian,1
ensure,3
type,3
youcantstopus,3
manage,1
nagano,2
bebe,1
world,91
skater,7
recruit,1
nie,1
jonnybone,1
backroad,1
gymnast,1
complain,1
agility,2
ski,1
total,1
gender,5
octagon,2
control,1
visible,1
hot,6
supreme,2
plywood,1
china,6
fcharlem,1
obsess,1
brunch,2
potential,2
18th,1
look,38
hungry,1
jianlian,1
pro,10
7th,1
pisa,1
half,4
quite,2
365,2
work,31
alongside,1
menos,1
spiritual,1
add,3
whose,1
british,2
towards,5
talent,3
winner,5
new,61
mistake,1
commiserating,1
enter,1
victory,9
fit,9
trend,1
grandfather,1
equal,1
competitiveness,1
basic,1
sound,3
sterling,1
sant,1
pride,5
halep,1
away,6
sneak,2
refrain,1
titan,1
project,4
ouseserbrasileiro,2
crazy,17
skateboard,1
kms,1
undercover,5
unimaginable,1
wall,1
runner,15
bench,1
large,1
always,26
deflect,1
nighttime,1
get,85
trophy,8
thechance,7
uswnt,1
engineered,1
declare,1
bca,2
athlete,32
diaz,1
climate,3
nikesnowboardings,1
kyoto,1
app,2
dive,4
nikesnowboarde,6
actually,1
jiyapinder,1
hayward,3
wintheday,1
excited,1
lagos,1
clinic,1
gold,9
poverty,1
curl,1
passionate,1
gear,4
werundc,2
store,1
single,4
help,20
wood,1
medium,1
tournament,2
pamper,1
flyknits,1
bravery,2
maker,2
set,12
message,2
rodriguez,1
increase,1
embrace,3
cdunn19,1
elliegoulde,1
waiting,1
awhile,1
together,17
catch,5
pacific,1
washington,1
dedicate,3
hoops,1
1916,1
_gabrielflore,1
comment,16
truck,1
carboy,1
realshellyannfp,1
body,10
jacket,1
abraham,1
berlin,8
lupitanyongo,1
krumpe,1
america,1
leukemia,1
city,21
betterforit,1
regularly,1
6kcounts,1
500,3
earner,1
earn,23
prototype,1
nba,1
ultra,2
responsive,1
stumble,1
youand,1
54ghost,1
spike,2
fuelhouse,2
superior,1
rather,2
playinside,1
busy,1
tinkering,1
sbird10,1
paula,3
alp,1
soccer,11
runners,1
well,32
neymarjr,5
long,10
baller,3
chase,12
lab,2
swim,7
surfing,1
reflective,2
kettlebell,1
netherlands,1
helped,1
meditation,1
emily_mcdon,1
moment,6
attend,1
shawnjohnson,2
whittle,1
district,1
noise,1
mrapinoe,1
without,6
starting,2
arrive,2
hibernate,1
apologize,1
reclaim,1
ribbon,1
mitte,1
donation,1
blaze,2
precious,1
nikesnowboarding,5
relax,3
helicopter,1
dominate,1
throw,4
product,1
dijk,1
jordanligon,1
small,8
problem,1
huge,1
good,59
kendricklamar,3
2014,7
evolve,1
stat,1
wake,3
legend,11
football,40
weekend,12
traffic,1
shanghai,2
cruise,1
consistently,1
freedom,1
robin,1
carlosbrowngolf,1
picigin,1
planet,1
yuyang_liu,1
diamonds,1
talon,1
organization,1
razr_2911,1
ultimate,2
stunning,1
19th,2
retreat,1
yeah,2
gap,1
nwm,6
obstacle,3
makeitcount,6
nani183,1
quiet,2
peak,1
riding,1
dibaba,1
pull,3
clapham,1
intense,3
atop,1
mindful,1
exact,2
require,1
earthday,1
wherever,1
line,17
tiana,1
spend,1
communityand,1
forge,1
podium,3
fitness,2
shred,1
louder,1
njr,1
bug,1
advantage,5
third,3
uneven,1
circle,2
regret,1
fencing,1
flywire,2
backyard,1
conquer,5
bit,1
mind,8
expand,1
solstice,1
creativity,2
rod,1
centric,1
blue,3
anything,9
flex,2
drag,1
possession,1
signature,4
marlou,1
natural,7
focus,14
sealeis,1
ramla,2
significant,1
limit,7
makena,3
623,1
bold,3
possible,5
brandenburg,1
graffiti,1
exist,3
stopasianhate,1
aim,2
nikechicago,2
hub,1
movie,1
ask,3
mundo,3
worth,4
headband,1
selfie,1
move,27
summerisserious,1
close,8
father,2
upholdlongstande,1
limitsno,1
domfishback,1
maxe,1
stick,4
lunarlon,1
everest,1
pau,1
cement,1
influence,1
laser,1
lead,6
boy,2
positive,4
fuel,4
natalia,1
madison,1
gameonworld,5
development,1
passion,4
betheproof,1
selfridges,1
reinvent,1
past,11
tie,1
found,3
tarkwa,1
afghan,2
olympic,4
undefeated,1
friendship,3
authority,1
chukka,1
nadal,1
butts,1
tammy,1
istanbul,1
nikegolf,1
bballer,1
crowded,1
covid,2
reverse,1
coast,4
chrisanki,1
seattle,1
geoffreykamworor,1
flwn,1
serenawilliams,3
barcelona,3
fiba,2
accolade,1
believer,2
inclusivity,1
commemorate,1
integration,1
icon,1
keeps,1
holiday,1
dip,1
desire,1
divasofcompton,1
birthplace,3
rebellious,1
strategically,1
rock,3
trick,1
mission,2
construction,1
shimizu,1
explosive,3
anatomic,1
average,1
https,1
invest,4
1952,1
send,3
unexpected,1
yuns,1
freeflyknit,3
defense,4
newtrick,1
playfortheworld,2
tde,1
tiffany,2
foraneymar,1
four,5
alps,1
ampe,1
cassandragiraldo,1
revelry,1
shoot,3
grandma,1
bike,1
earth,3
masai_ac,1
whether,5
ronanksm,1
carolines,1
medvedeva,1
toe,1
strength,6
qualify,1
dry,1
junior,1
whenever,1
basket,1
justice,1
self,6
damn,1
hypershield,1
trail,8
altitude,1
gate,1
brother,3
sunshine,1
square,2
pressure,3
flexibility,3
ball,6
roller,3
post,1
regram,3
reroute,1
unrelenting,1
plate,2
somebodys,1
short,1
wide,1
hyperfeel,2
aconcagua,1
champagnepapi,1
urgency,1
carlos,3
gras,1
earning,1
fakhriamomtaz,1
shaving,1
houston,4
real,10
mikecarson,1
ahead,2
music,3
mile,20
sunset,2
founder,4
japan,4
marcus,5
entertainer,1
record,21
generation,18
dissect,1
click,7
run75crew,1
masterpiece,3
drill,2
greatness,12
spinning,1
gtx,1
eliud,5
nigelsylvester,1
route,4
division,1
tampa,1
accomplish,4
carry,1
continually,1
magical,1
book,3
outplay,1
learn,18
biking,1
resident,1
spirited,1
deepen,1
melbournes,1
nonprofit,1
fuelband,5
shoulder,2
takahashi,2
oppression,1
hanin,1
bartram,1
safe,5
bust,1
hard,20
evgenia,2
office,1
repeat,1
training,11
cascades,1
proud,1
less,4
conservative,1
paugasol,1
make,66
sbado,1
pop,1
internationally,1
clearly,1
playrussian,2
consider,1
rupp,1
unleash,1
ensinou,1
ussoccer,1
response,1
motivate,4
asian,2
count,5
turn,15
marathoner,3
let,25
kingjameshas,1
aware,1
breath,2
pair,1
school,10
iconone,1
backdrop,1
absolutely,1
reclamationventure,1
loud,3
radio,1
basketball,21
foundation,2
rafael,1
ready,9
unwrap,1
everif,1
else,3
confidence,4
person,3
teamwork,1
cholitasescaladoras,1
visibility,1
fsufootball,1
culmination,1
courtballistic,1
draw,2
taekwondo,1
courage,2
chloekim,1
support,9
mental,2
getting,2
ceejjoe,1
map,2
smith,1
unite,2
graviteam,2
warning,1
fortunate,1
womens,5
united,2
rely,2
tatyanamcfaddenusa,1
brasil,10
silva,1
trust,2
odd,1
bad,4
deveria,1
specific,1
slam,3
abroad,1
air,15
equitable,1
deliver,1
hole,1
refresh,1
limitation,1
pavement,2
fund,2
logo,1
alabama,1
virgil,1
cunningham,1
female,6
street,18
mat,2
hiking,1
weeknight,1
european,1
update,1
supportive,1
kdv,2
breakdancing,1
holywood,2
adorn,1
traction,2
bet,2
dreamer,1
girl,17
steep,1
notch,1
appearance,1
hill,4
imagine,3
epic,1
foot,12
hit,10
autzen,1
synchronized,1
stand,17
roland,1
improve,1
aids,2
celebrate,24
lose,5
five,6
monbijou,1
powerful,1
mr_mosher,1
clarity,1
playground,2
comfort,3
legendary,2
detachable,1
londiwe,1
cream,1
london,8
star,7
fitzgerald,1
seleo,1
breed,1
inspiration,4
expedition,1
raheem,1
parent,1
white,5
boundary,1
alwaysbelieve,1
vision,1
asphalt,1
rip,1
obstacleshead,1
lucky,3
runfree,2
fall,6
reach,8
wnba,3
raise,17
flair,2
climb,3
nikefootballs,1
within,1
movement,5
chrome,1
african,2
refuse,1
winter,10
glass,1
amandine,1
kabul,3
shore,2
clint_dempsey,1
phiawilson,1
prenzlauer,1
screen,1
score,2
pretend,1
snowfall,1
sunday,9
believe,16
decide,2
wheelchair,4
chile,1
explosiveness,3
cycle,1
nation,2
perfection,2
gurlstalk,3
fair,1
vaibrasil,1
mamba,5
entrepreneur,2
sabrina,1
halfway,1
voice,7
slogan,1
wild,2
match,3
diamond,2
mexico,3
racism,1
vio,1
grassroots,2
specification,1
path,3
aja22wilson,2
grand,3
view,2
hopeful,2
mold,1
paris,6
amandine_henry,1
1960,1
sure,3
instructor,3
dream,39
first,44
eugene,2
yaman,1
tudo,1
madrid,1
reason,8
pres,1
news,3
fastest,1
grace,1
cake,1
nouf,1
projectrunfree,1
baltimore,2
adar,3
drive,4
last,9
francisco,5
impossibly,1
amp,6
kingjames,5
dancer,4
destroyer,1
lesson,2
thai,1
giant,2
anytime,1
way,36
leap,1
devastating,1
hoje,1
cup,1
weightlifting,1
medal,10
stress,1
gianna,1
pep,1
feast,1
defiant,1
contribute,2
range,1
janeiro,2
technically,1
touchline,1
shalaneflanagan,1
place,13
expect,2
dominicleungcuts,1
riskeverything,2
superstar,2
kieran,1
disability,2
commit,1
vital,1
juliamancuso,1
responsabilidade,1
monthly,1
except,2
undersized,1
hometown,2
naturally,1
steve,2
wrestling,2
pitch,14
objetivo,1
sxsw,1
proper,1
perception,1
shaquem_griffin,1
pronto,1
forever,4
chinese,2
polite,1
techpack,1
essential,1
zero,1
facet,1
keepitcome,3
sam,1
give,27
roll,5
mother,6
justdoit,281
taper,1
footage,1
curious,1
maintain,1
happen,9
macklemore,2
optional,1
games,1
sharapova,2
nikebaseball,1
obsession,1
point,5
chicagos,2
balling,1
village,2
coach,11
audacious,1
overcome,8
outline,1
transformation,1
bleus,1
friedrichshain,1
gyakosou,1
inequality,1
asiairve,1
love,24
guideline,3
mindfulness,1
inclusive,6
collective,4
permanent,1
hand,4
rorymcilroy,1
shernnotsean,1
teammate,6
musicfestnw,2
famous,1
footy,1
lf1,3
memorable,1
kind,3
diversity,1
commitment,3
think,14
free,8
catalyst,1
hide,2
wrestler,1
relationship,1
terrain,2
girona,1
lockdown,9
nesi,1
border,1
fee,1
specially,1
compare,3
anymore,1
finisher,2
fat_girl_has_moxi,1
second,17
rungrlco,1
femle,1
draft,1
photoby217,1
snow,6
gasp,1
yesterday,4
wildhorse,1
loop,1
already,5
kilometer,4
nothing,11
jawahir_roble,1
insight,2
panamericana,1
thought,2
spirit,2
1948london,1
tag,23
sexism,1
attack,1
common,6
arm,1
brave,1
share,21
dynamic,1
chris,2
spin,2
sell,1
zeina,4
wonderland,1
wonder,2
sized,1
town,4
sixteen,1
wool,1
1987,1
desert,2
unusual,1
win,39
bridgerunner,1
follower,1
soar,1
slice,1
flag,2
athletic,1
shoreline,1
nikefree,3
johngingerwessel,1
betrue,1
maximize,2
tust,1
nois7,1
lineup,1
destiny,1
late,11
thibautgrevet,1
octogono,1
partner,4
hottie,1
boring,1
artist,1
hypervenom,5
crush,2
manirostom,1
lens,1
africa,1
mambaday,1
windy,2
seventh,1
glove,1
paint,1
lift,2
custom,1
ingrid,3
coming,1
combine,1
begin,6
elite,7
age,4
possibility,2
enjoy,3
road,10
cinturo,1
provide,6
hero,3
samanthakerr20,2
niketennis,1
nikewoman,3
speak,5
empty,1
03nataliagaitan,1
posse,1
hurtado,1
injustice,1
wellness,2
crackdown,1
lymphoma,1
kdvs,1
brasils,1
lizamaman,1
competitive,1
tackle,2
made,1
lipstickgirl,1
cricket,1
use,12
crisis,1
league,5
dutch,1
performancethey,1
thomassimondp,2
active,1
succeed,1
become,29
especially,1
trainer,6
mfnw,2
girls,3
local,8
luoyangggg,1
stride,4
settle,1
nikexnba,1
diving,1
leave,14
bar,6
10ks,1
today,34
society,2
liquid,1
kingjame,5
luxury,1
sweat,1
100,6
gruele,1
seat,1
timely,1
version,1
return,2
changeme2012,2
clear,4
ballet,4
nunca,1
serenawilliam,5
freely,1
stone,1
fuelbandse,1
moon,2
aunt,2
convince,2
hip,1
veteran,1
canlucatutis,1
melbourne,1
six,5
dinaashersmith,1
rundemcrew,1
pave,2
introduce,9
november,1
ruthossaistudio,1
hijab,3
lesbleus,1
nikemfnw,2
specifications,1
album,1
barcelonas,2
many,5
display,1
tchter,3
lebron,8
liberate,1
hundred,2
crunch,1
posi,2
glaciere,1
449,1
since,11
mcilroy,2
gateway,1
alexanderrthomassshowe,1
creative,4
million,3
instagram,19
engineer,3
summit,3
standard,1
fitspiration,1
ayu,1
detour,1
easymoneysniper,1
detail,2
boxingbuatsi,1
chame,1
literally,1
beijing,1
access,6
185,1
asdavidelliott,4
around,10
roof,1
remind,1
running,6
cover,5
alexroca91,1
purpose,3
making,3
hook,1
normal,2
prim,1
edition,7
brigidkosgei,1
mesh,1
hair,1
unpredictable,1
field,15
nelson,2
wrong,1
paralyze,1
discipline,1
letter,1
company,2
inspire,38
host,2
novo,1
footballer,2
playoff,1
fast,25
brigid,1
nikecourt,1
grant,1
snake,1
color,5
difference,4
wan,1
mercurial,7
dart,1
extra,2
jacquesgreene,1
august,1
hudson,1
lock,1
aniyaemtage,1
optimal,1
chalet,1
journey,11
destination,1
responsiveness,1
yard,1
everywhere,4
resolution,10
ireland,1
zoom,10
referee,2
berg,1
superpower,1
beauty,1
njunior11,3
tentar,1
opportunity,7
sort,1
hail,1
shy,2
2012,2
nyc,7
exactly,1
sleeve,1
worry,1
quot,38
atinge,1
unbreakable,3
german,2
brightly,1
memory,2
drakes,1
diverse,1
belong,3
somaliboxer,1
goskateboardingday,2
shed,2
cbf_futebol,2
grit,1
awareness,3
converge,1
perth,1
beastly,1
video,2
occasion,2
pedroscooby,1
legacy,11
thumb,1
cultural,1
favorite,9
sede,1
solo,1
drop,7
indigenous,1
redefine,2
career,6
human,4
revolutionary,2
ounce,1
200,3
midways,1
johnson,1
focused,1
classic,7
embody,1
rebel,2
home,22
unapologetic,1
quit,5
sportwatch,1
tagokushi,1
sexuality,1
superhero,1
sacrifice,2
hype,1
binge,1
would,14
pain,1
available,10
commute,1
cntknockbhustle,1
rafa,1
like,57
nattykiii,1
santa,1
syllable,1
start,45
pursuit,2
lisbon,1
2024,1
routine,2
yoga,5
varsity,1
alosaimi,1
platform,7
ice,6
amount,2
explore,3
thatbigguy700,1
environment,3
limited,3
part,9
connect,4
brasilian,1
jumpman23,2
max,7
nobu_arakawa,1
trip,3
hold,5
nassar,1
mattabbottphoto,1
rashadfloyd,1
bennncareyyy,1
kenny,1
break,16
club,11
shanejoneill,1
business,1
calendar,1
lady,3
tribute,1
show,32
castersemenya800,3
splash,1
instakay,1
davidlinchen,1
whpsilhouette,1
guy,1
distance,4
stay,14
iremyamany,1
witness,2
tirunesh,1
playing,2
maria,2
travel,1
healthcare,1
elina,1
rough,1
necessary,2
hexagonal,1
northern,1
sophographylondon,1
fashionable,1
lack,1
crossfit,1
crystal,1
victors,2
rodneyluthaking,1
playa,1
perfect,8
congrats,3
carve,1
danger,1
scottylago,1
youtube,2
heel,3
carogarcia,1
bolivian,1
might,4
nikeid,1
challenge,12
swimwear,1
flanagan,1
callumhasegawa,1
wayne,1
dominance,2
ignore,1
shove,1
sanctuary,1
nan,0
determination,2
150,2
nico_therin,1
battle,3
eventually,1
gore,1
nitro_licious,1
join,10
dunk,1
truth,2
lipslide,1
15x,1
jessiezapo,1
troupe,1
stair,1
gs2squad,2
rack,1
debut,5
cheer,4
tree,2
run,100
counting,1
capture,14
dedication,1
touch,6
jaw,1
cortezkenny,1
shirt,1
pass,2
goals,1
uplift,2
giannas,1
larry,1
goal,21
tide,2
reign,3
snap,3
wisdom,1
sweep,1
flongala,1
eye,5
weekday,1
summer,10
dakar,2
leader,5
greeting,1
hear,8
spotlight,2
ntc,4
spain,2
reppe,2
personal,8
holder,2
york,3
stadium,3
yogafoster,1
pick,4
antidote,1
projectflysf,1
incarnation,1
member,3
colombian,1
multiple,1
warn,1
underground,1
londons,1
opponent,1
prepare,5
iconic,1
sagekotsenburg,1
worldwide,1
simona,2
110th,1
congrat,1
brazil,2
turkish,2
pattern,2
2019,1
split,2
academythe,1
landing,1
madisonkey,1
oddsmaker,1
hainan,1
gigiruef,1
raceday,1
nfl,6
improbable,1
outrun,1
cage,1
fastisfaster,7
shape,4
title,12
tocreate,1
cut,1
tennis,18
amanh,1
toward,2
beach,10
strike,2
predominantly,1
impossible,5
pretty,1
near,3
glimpse,1
pasadena,1
case,3
ventilation,1
cabin,2
contact,1
surf,2
differently,2
alexandre,2
matter,15
flat,2
may,2
education,1
stephaniemeiling,1
ten,2
blanket,2
sky,3
nbaallstar,1
bio,24
fuelstation,1
nomaybe,2
healthy,1
next,26
1982,1
goldhunter,1
nourish,1
paralympian,1
fan,3
brittany,1
beat,2
level,10
bear,7
serve,2
oka,1
follow,17
gymnastic,1
receber,1
stylist,1
parking,1
championships,2
communicate,1
demand,1
subject,1
madetoplay,1
underneath,1
island,3
involve,3
thee,2
rhijn,1
knock,1
old,9
player,31
banner,1
paul,1
nikebasketball,5
binary,1
sean_malto,1
bring,18
partnership,1
mean,21
west,4
compton,2
flamenco,2
contract,2
cest,1
leverage,1
sofast,1
result,2
list,2
role,6
noite,1
rio,5
singe,1
figure,1
serena,4
please,11
kobebryant,3
bond,1
sanity,1
defender,3
got,1
rival,1
series,7
resilience,2
shimoyamada,1
relentless,3
twice,2
demo,1
bush,1
channel,9
runday,1
onestep4red,1
breathtaking,1
victoryswim,1
willie_nel_sasc,1
gym,7
anyway,1
aimeekhoffman,1
thousand,3
director,2
marlen_esparza,1
maybe,1
performance,3
cause,3
thing,23
art,2
round,3
hwpo,1
deep,4
sun,3
stop,21
voc,3
soft,3
sister,1
significa,1
lot,8
shut,1
vibe,1
portugal,1
cold,2
middle,2
_killaadri,1
sabrina_i,3
grow,13
calvin,1
whatever,8
strip,1
cr7,2
flyknit,9
church,1
trouble,1
mardi,1
defeat,3
nom,1
georges,1
cobbler,1
duck,2
medalist,5
practice,6
bleed,1
flame,1
maya_kv,1
clay,5
intensely,1
azusa25nigo,2
women,5
dust,1
tam,2
true,8
bhm,1
realize,2
along,4
scuba,2
tour,12
basilfauchier,1
mom,1
pearl,1
televise,1
australia,3
height,5
change,41
food,2
scream,2
southern,1
nicolas,1
tough,5
spot,3
big,31
radical,2
fear,3
assistindo,1
brilliance,3
koston,1
interesting,1
form,2
represent,7
continue,22
crew,19
vasquez,2
universe,1
hike,1
higher,5
outside,2
decade,2
jones,3
niteri,1
teamnike,1
aaayu_03,1
live,17
national,9
youth,2
sterling7,1
niketraine,1
two,17
unproven,1
gearup,1
play,59
front,2
anatomically,1
nocta,1
currently,1
geoffrey,1
pay,3
elevate,1
top,17
dose,1
sailor,2
historic,3
park,4
perform,2
rivalry,1
gps,1
shallow,2
nikefuel,21
future,17
audience,2
circumstance,1
youcantstopourvoice,1
weplayreal,1
jen,1
fighter,1
injury,3
incredibly,1
rain,1
bomb,1
award,4
important,6
question,1
palsy,1
health,4
nigeria,1
entire,11
house,1
shout,1
lunarglide,5
eliseblchrd,1
hurt,1
feeling,2
period,2
palazzo,1
side,3
special,5
majorettes,1
stem,1
assistimo,1
jazz,1
resistance,1
necklace,2
straight,3
satisfied,2
professor,1
nikeplus,27
doctor,1
dubrovnik,1
stepbecause,1
usabasketball,1
tuberider,1
class,5
r10oficial,1
barbados,2
caribbean,1
footstep,1
teen,2
yomanueldiaz,1
transtephanie,1
nigeria_surfe,1
vashti,1
whistle,1
juventus,2
uniform,1
exceptional,1
need,23
kick,4
nicoleacardoza,1
diededegroot,1
check,7
oregon,6
suburb,1
mountain,6
unearth,1
struggle,3
century,2
oppose,1
exhilarate,1
election,1
alert,1
finally,1
blend,1
milestone,2
underdog,4
apply,1
red,3
getlacedup,8
danaboulos,1
doubter,2
net,2
discover,2
universal,2
narrow,1
bowerman,2
corner,4
rise,7
tomckean,1
fencer,1
gomofarah,1
racer,2
