,index,Freq
0,dark,2739
1,nice,2057
2,good,1959
3,light,1830
4,finish,1806
5,bottle,1705
6,body,1638
7,overall,1617
8,black,1578
9,white,1563
10,flavor,1521
11,great,1444
12,oak,1435
13,smooth,1417
14,little,1417
15,thick,1398
16,bitterness,1139
17,much,1067
18,dry,974
19,big,916
20,rich,901
21,full,841
22,hop,815
23,bitter,808
24,tropical,807
25,funk,773
26,thin,738
27,pour,694
28,complex,642
29,slight,642
30,fresh,627
31,pretty,621
32,soft,601
33,strong,597
34,ipa,577
35,excellent,569
36,moderate,567
37,mild,538
38,deep,537
39,heavy,528
40,amazing,527
41,perfect,525
42,front,502
43,huge,479
44,earthy,468
45,delicious,457
46,top,455
47,sticky,454
48,golden,447
49,yellow,436
50,bright,434
51,red,430
52,booze,419
53,floral,417
54,small,416
55,syrup,403
56,high,400
57,subtle,388
58,minimal,387
59,low,380
60,easy,369
61,fantastic,369
62,green,367
63,old,366
64,opaque,358
65,beautiful,353
66,solid,350
67,expected,341
68,sure,341
69,lingering,326
70,clear,326
71,worth,325
72,enough,320
73,drinkable,306
74,roasty,303
75,clean,303
76,toasted,296
77,favorite,287
78,crisp,285
79,ba,277
80,hoppy,276
81,wonderful,271
82,present,270
83,incredible,265
84,mocha,260
85,isnt,251
86,imperial,249
87,herbal,248
88,tap,245
89,enjoyable,241
90,acidic,241
91,stone,239
92,decent,237
93,intense,232
94,overly,229
95,viscous,228
96,many,227
97,pleasant,225
98,cant,224
99,awesome,218
100,sourness,218
101,bite,217
102,fine,213
103,last,210
104,ripe,210
105,want,209
106,hot,208
107,foamy,208
108,similar,207
109,burnt,205
110,outstanding,203
111,glad,201
112,hard,199
113,tree,198
114,chewy,194
115,frothy,190
116,double,190
117,new,189
118,bold,188
119,real,185
120,different,176
121,trillium,170
122,depth,167
123,candy,165
124,lambic,165
125,sharp,163
126,inch,163
127,wild,162
128,wasnt,161
129,grassy,161
130,dated,158
131,unique,157
132,middle,153
133,resinous,150
134,regular,149
135,porter,149
136,average,148
137,brandy,148
138,oaky,146
139,citrusy,146
140,liquid,143
141,wish,143
142,close,137
143,bad,135
144,bready,135
145,impressive,134
146,hidden,132
147,offwhite,131
148,flavorful,131
149,prominent,129
150,noticeable,128
151,musty,128
152,give,126
153,massive,125
154,typical,125
155,next,124
156,nutty,124
157,delicate,122
158,lactic,122
159,swallow,120
160,mellow,119
161,initial,119
162,large,119
163,second,117
164,hue,116
165,short,113
166,special,113
167,apricots,112
168,able,110
169,marshmallow,109
170,vinous,109
171,ill,108
172,sipper,107
173,toasty,106
174,cold,105
175,gentle,105
176,drying,104
177,original,104
178,whole,103
179,lactose,102
180,aggressive,102
181,pure,101
182,mixed,99
183,farmstead,99
184,fair,94
185,nectarine,94
186,american,92
187,tiny,92
188,robust,91
189,beige,90
190,ne,89
191,hf,89
192,due,88
193,bean,88
194,strawberry,88
195,belgian,88
196,mosaic,87
197,label,86
198,galaxy,86
199,added,84
200,pick,83
201,punch,83
202,bacon,82
203,exceptional,80
204,open,80
205,happy,80
206,phenomenal,79
207,goodness,78
208,acid,78
209,gueuze,77
210,pungent,76
211,integrated,75
212,spiciness,74
213,cacao,73
214,skin,73
215,guess,72
216,topped,72
217,fruitiness,72
218,superb,71
219,residual,71
220,visible,71
221,luscious,71
222,tangy,68
223,true,67
224,live,67
225,several,67
226,surprised,67
227,gorgeous,66
228,simple,66
229,single,65
230,available,65
231,cheese,65
232,harsh,64
233,semidry,64
234,late,64
235,reddish,64
236,dusty,63
237,raw,63
238,aromatic,63
239,yeasty,63
240,tannic,63
241,kick,62
242,flat,62
243,modest,62
244,slow,61
245,fuzzy,61
246,thank,59
247,quick,59
248,tall,59
249,dominant,58
250,variant,58
251,follow,58
252,underneath,58
253,absolute,57
254,tad,57
255,mediumfull,56
256,distinct,56
257,aspect,55
258,recent,55
259,peanut,55
260,heady,55
261,inky,55
262,firm,54
263,english,54
264,evident,53
265,smelled,53
266,ample,53
267,toast,52
268,adjunct,52
269,wont,52
270,mahogany,52
271,lord,51
272,shine,51
273,vibrant,51
274,nibs,49
275,help,49
276,powerful,49
277,havent,49
278,hues,48
279,usual,48
280,extra,48
281,natural,48
282,apparent,47
283,wrong,47
284,resiny,47
285,rocky,47
286,prairie,46
287,appreciate,46
288,acetic,46
289,lucky,45
290,tight,45
291,burst,45
292,crown,45
293,reminiscent,45
294,herbs,45
295,mineral,44
296,unripe,44
297,additional,44
298,pliny,43
299,russian,43
300,worldclass,43
301,persistent,43
302,difficult,42
303,spectacular,42
304,delightful,42
305,bubble,42
306,blown,41
307,wave,41
308,zesty,41
309,shot,41
310,multiple,40
311,substantial,40
312,fizz,39
313,odd,39
314,mexican,39
315,expression,39
316,stellar,39
317,appropriate,39
318,swirl,38
319,rare,38
320,oatmeal,38
321,french,37
322,entire,37
323,rustic,37
324,local,37
325,remarkable,37
326,ethanol,37
327,likely,37
328,sample,36
329,combo,36
330,call,36
331,savory,36
332,fort,36
333,hefty,35
334,non,35
335,personal,35
336,unpleasant,35
337,traditional,35
338,minor,35
339,brought,35
340,prevalent,35
341,tremendous,35
342,general,34
343,heard,34
344,tough,34
345,main,34
346,fragrant,34
347,art,34
348,garde,34
349,particular,33
350,early,33
351,cool,33
352,smoothness,33
353,logic,33
354,sparse,33
355,arent,32
356,possible,32
357,june,32
358,terrific,32
359,total,32
360,fading,32
361,final,32
362,crushable,32
363,sunshine,32
364,normal,31
365,extreme,31
366,weird,31
367,consistent,31
368,disappointing,31
369,brownish,31
370,healthy,31
371,citric,31
372,generous,31
373,outside,30
374,overrated,30
375,certain,30
376,hoppiness,30
377,stick,30
378,content,30
379,fudgey,30
380,flesh,30
381,characteristic,29
382,srm,29
383,san,29
384,blue,29
385,guy,29
386,tang,29
387,oakiness,29
388,assertive,29
389,dull,28
390,underripe,28
391,pinkish,28
392,vegetal,28
393,par,27
394,alcoholic,27
395,graham,27
396,beneath,27
397,mint,27
398,honest,27
399,wide,27
400,approachable,27
401,superior,27
402,peppercorn,27
403,tg,26
404,complete,26
405,youve,26
406,okay,26
407,third,26
408,obvious,26
409,actual,26
410,vs,26
411,noticed,26
412,cookie,26
413,significant,26
414,ris,26
415,weak,26
416,german,26
417,serious,26
418,mediumhigh,26
419,attractive,26
420,glorious,25
421,secondary,25
422,intriguing,25
423,bt,25
424,fat,25
425,sp,25
426,forefront,24
427,artificial,24
428,previous,24
429,generic,24
430,preferred,24
431,ideal,24
432,na,24
433,anniversary,24
434,exquisite,24
435,poor,23
436,st,23
437,detectable,23
438,werent,23
439,iipa,23
440,unbelievable,23
441,foggy,23
442,undertone,23
443,fade,23
444,damp,23
445,kbbs,22
446,shy,22
447,ten,22
448,sublime,22
449,active,22
450,brief,22
451,creme,22
452,authentic,22
453,bretty,22
454,soda,22
455,expensive,21
456,plastic,21
457,elite,21
458,disappointment,21
459,accent,21
460,splintery,21
461,advocate,21
462,east,21
463,proper,21
464,simcoe,21
465,dangerous,21
466,baby,21
467,spiegelau,21
468,medicinal,21
469,onsite,21
470,crystal,21
471,heaven,20
472,wisp,20
473,february,20
474,legendary,20
475,equal,20
476,noir,20
477,hair,20
478,currant,20
479,birthday,20
480,ridiculous,20
481,dynamic,20
482,nbs,20
483,maltiness,20
484,april,20
485,pinot,19
486,abundant,19
487,savor,19
488,mixture,19
489,angry,19
490,expressive,19
491,january,19
492,spectrum,19
493,balsamic,19
494,vinegary,19
495,welcome,18
496,perennial,18
497,tip,18
498,likes,18
499,memorable,18
500,finding,18
501,monkish,18
502,garlic,18
503,accented,18
504,yellowish,18
505,ready,18
506,various,18
507,sunday,18
508,fou,18
509,umami,17
510,ball,17
511,common,17
512,lean,17
513,backdrop,17
514,prime,17
515,sweetened,17
516,mine,17
517,unusual,17
518,alert,17
519,understated,17
520,suppose,17
521,fremont,17
522,luxurious,17
523,major,17
524,unexpected,17
525,brunch,16
526,happen,16
527,mediumheavy,16
528,familiar,16
529,miss,16
530,gum,16
531,metallic,16
532,exotic,16
533,sad,16
534,allow,16
535,festival,16
536,b1,16
537,unreal,16
538,maximum,16
539,length,16
540,gritty,16
541,kane,16
542,grand,15
543,haus,15
544,sump,15
545,focal,15
546,dogfish,15
547,famous,15
548,scant,15
549,highlight,15
550,barn,15
551,teeth,15
552,notable,15
553,mouthful,15
554,zippy,15
555,explosive,15
556,dimensional,15
557,loose,15
558,young,15
559,distinctive,15
560,darkroastbready,15
561,blow,14
562,pull,14
563,impossible,14
564,crunch,14
565,plethora,14
566,extended,14
567,relative,14
568,basic,14
569,meet,14
570,matt,14
571,pipe,14
572,el,14
573,fabulous,14
574,immediate,14
575,chair,14
576,alive,14
577,upper,14
578,smooths,14
579,meal,14
580,loud,14
581,quaffable,14
582,mustiness,14
583,november,14
584,current,14
585,mediumlow,14
586,ultra,14
587,pecan,14
588,perceptible,14
589,letdown,13
590,thru,13
591,specific,13
592,co,13
593,table,13
594,key,13
595,orangish,13
596,adequate,13
597,akin,13
598,thankful,13
599,decided,13
600,comparable,13
601,agree,13
602,broken,13
603,solo,13
604,cheap,13
605,hear,13
606,dead,13
607,honeysuckle,13
608,steady,13
609,stable,13
610,concerned,13
611,amazed,13
612,tavour,13
613,abrasive,13
614,ibu,13
615,ann,13
616,nonexistent,13
617,exhale,13
618,rear,13
619,lol,13
620,herbaceous,13
621,garnet,13
622,december,13
623,oa,13
624,habanero,13
625,elevated,12
626,fortunate,12
627,strap,12
628,grateful,12
629,magical,12
630,onslaught,12
631,modern,12
632,legend,12
633,grade,12
634,masterful,12
635,rank,12
636,fleshy,12
637,coarse,12
638,ginger,12
639,stupid,12
640,sunny,12
641,abound,12
642,sweetish,12
643,snappy,12
644,masked,12
645,lemonlime,12
646,worried,11
647,tag,11
648,cohesive,11
649,considerable,11
650,chicago,11
651,palatable,11
652,ontap,11
653,flagship,11
654,acrid,11
655,instant,11
656,format,11
657,stale,11
658,figured,11
659,lunch,11
660,avoid,11
661,north,11
662,draught,11
663,c,11
664,neutral,11
665,danky,11
666,sorry,11
667,fancy,11
668,harshness,11
669,important,11
670,granny,11
671,central,11
672,mineralic,11
673,complimentary,11
674,sensory,11
675,wooden,11
676,empty,10
677,potential,10
678,exact,10
679,obsidian,10
680,michigan,10
681,occasional,10
682,constant,10
683,orangey,10
684,necessary,10
685,opposed,10
686,partial,10
687,shocked,10
688,identical,10
689,pillow,10
690,organic,10
691,sparkly,10
692,prickle,10
693,vague,10
694,willing,10
695,negative,10
696,residue,10
697,nonic,10
698,webs,10
699,website,10
700,gooey,10
701,absurd,10
702,definition,10
703,wellintegrated,10
704,glow,10
705,maman,10
706,separate,10
707,copious,10
708,spritzy,10
709,width,10
710,shift,10
711,amarillo,10
712,died,10
713,amplified,10
714,inyourface,9
715,opposite,9
716,desserty,9
717,du,9
718,lofty,9
719,involved,9
720,oldschool,9
721,distant,9
722,foot,9
723,clingy,9
724,funny,9
725,popular,9
726,musky,9
727,shiny,9
728,wellhidden,9
729,crimson,9
730,individual,9
731,dimethylsulfide,9
732,utmost,9
733,delectable,9
734,allagash,9
735,nov,9
736,sessionable,9
737,wee,9
738,impress,9
739,noisy,9
740,twin,9
741,settle,9
742,sight,9
743,accessible,9
744,ny,9
745,dash,9
746,brian,9
747,tawny,9
748,bacterial,9
749,tail,9
750,dorothy,9
751,spread,8
752,tannish,8
753,curious,8
754,ibus,8
755,hopslam,8
756,tipa,8
757,hiss,8
758,row,8
759,drippy,8
760,suds,8
761,accurate,8
762,saturday,8
763,overthetop,8
764,india,8
765,stained,8
766,tacky,8
767,mm,8
768,yep,8
769,recall,8
770,woah,8
771,orangetangerine,8
772,quaff,8
773,vietnamese,8
774,sophisticated,8
775,attic,8
776,foune,8
777,thirst,8
778,honeycomb,8
779,shaun,8
780,achieve,8
781,enamel,8
782,jumps,8
783,discernible,8
784,harmonious,8
785,stomach,8
786,mingled,8
787,brash,8
788,extraordinary,8
789,enormous,8
790,vigorous,8
791,scene,7
792,soul,7
793,fundamental,7
794,quintessential,7
795,bear,7
796,respectable,7
797,everyday,7
798,lengthy,7
799,someday,7
800,monday,7
801,southern,7
802,greeted,7
803,dome,7
804,ebony,7
805,contribute,7
806,lifeless,7
807,northern,7
808,unicorn,7
809,omg,7
810,luck,7
811,splash,7
812,reference,7
813,candi,7
814,itd,7
815,compact,7
816,sexy,7
817,fourth,7
818,stemware,7
819,ac,7
820,handle,7
821,fiddle,7
822,dare,7
823,discern,7
824,rdev,7
825,plentiful,7
826,pithiness,7
827,map,7
828,regret,7
829,carried,7
830,deliciousness,7
831,botanical,7
832,invisible,7
833,sufficient,7
834,nc,7
835,sudden,7
836,razorthin,7
837,lactobacillus,7
838,le,7
839,sister,7
840,zombie,7
841,casual,7
842,atrial,7
843,scary,7
844,nitpicking,7
845,excessive,7
846,aqueous,7
847,quiet,7
848,brulee,7
849,sauvignon,7
850,sought,7
851,auburn,7
852,una,7
853,neat,7
854,dive,7
855,fizzes,7
856,imp,7
857,mediumthin,6
858,uniform,6
859,orignal,6
860,crackly,6
861,sick,6
862,fb,6
863,tm,6
864,italian,6
865,define,6
866,flaky,6
867,undercurrent,6
868,spritz,6
869,annual,6
870,longtime,6
871,brittle,6
872,unremarkable,6
873,ripeness,6
874,starchy,6
875,ordinary,6
876,summary,6
877,apt,6
878,skeptical,6
879,mini,6
880,nearperfect,6
881,saccharine,6
882,amalgam,6
883,expansive,6
884,nondescript,6
885,puppy,6
886,recognizable,6
887,fight,6
888,moly,6
889,compete,6
890,simplistic,6
891,onedimensional,6
892,swear,6
893,tasteful,6
894,sneaks,6
895,thrown,6
896,classy,6
897,whereas,6
898,choc,6
899,interested,6
900,fried,6
901,unknown,6
902,lite,6
903,free,6
904,south,6
905,odor,6
906,neapolitan,6
907,electric,6
908,tthe,6
909,susan,6
910,unsweetened,6
911,props,6
912,retained,6
913,undated,6
914,girl,6
915,slim,6
916,european,6
917,phenolic,6
918,dubbel,6
919,namesake,6
920,sake,6
921,halfs,6
922,lpg,6
923,balaton,6
924,caractere,6
925,symphony,5
926,observation,5
927,terrible,5
928,stole,5
929,boozyness,5
930,shallow,5
931,accident,5
932,seasoned,5
933,relevant,5
934,irregular,5
935,darkish,5
936,leap,5
937,suffice,5
938,uneven,5
939,taupe,5
940,fructose,5
941,keen,5
942,vegetable,5
943,scrumptious,5
944,palatefinish,5
945,steep,5
946,dave,5
947,busy,5
948,spotlight,5
949,vertical,5
950,updated,5
951,framboos,5
952,zwanze,5
953,polished,5
954,glossy,5
955,gastric,5
956,patient,5
957,identifiable,5
958,uber,5
959,gimmicky,5
960,repeatable,5
961,eat,5
962,armsby,5
963,lumpy,5
964,u,5
965,hybrid,5
966,subjective,5
967,usa,5
968,delish,5
969,greenish,5
970,hundred,5
971,detrimental,5
972,resist,5
973,oppressive,5
974,salivary,5
975,positive,5
976,impenetrable,5
977,pinky,5
978,uprising,5
979,diminish,5
980,medicine,5
981,vast,5
982,humble,5
983,piquant,5
984,invitational,5
985,winelike,5
986,indicative,5
987,stiff,5
988,overallthis,5
989,complementary,5
990,puréed,5
991,coherent,5
992,texas,5
993,yip,5
994,negligible,5
995,adams,5
996,quotient,5
997,played,5
998,semiclear,5
999,awful,5
1000,avery,5
1001,countered,5
1002,extensive,5
1003,lavish,5
1004,eager,5
1005,numerous,5
1006,mosiac,5
1007,sappy,5
1008,mil,5
1009,spontaneous,5
1010,flintb,5
1011,indistinguishable,5
1012,overtaken,5
1013,steal,5
1014,animal,5
1015,akkurat,5
1016,sporadic,5
1017,undetectable,5
1018,thirsty,5
1019,paperthin,5
1020,drizzled,5
1021,seattle,5
1022,playful,5
1023,rotten,5
1024,nom,5
1025,radiant,5
1026,married,5
1027,seductive,5
1028,addictive,5
1029,twelve,5
1030,fish,5
1031,manageable,5
1032,comfortable,5
1033,sauvin,5
1034,friendly,5
1035,swiss,5
1036,negro,5
1037,cordial,4
1038,perpetual,4
1039,brawny,4
1040,nasty,4
1041,nib,4
1042,unfurls,4
1043,visual,4
1044,fortune,4
1045,pedigree,4
1046,praline,4
1047,mile,4
1048,theyd,4
1049,lathery,4
1050,accomplishment,4
1051,behold,4
1052,bcs,4
1053,raisiny,4
1054,unmistakable,4
1055,intermingle,4
1056,nostalgia,4
1057,boisterous,4
1058,transcendent,4
1059,ygtbsm94,4
1060,hunah,4
1061,penetrate,4
1062,unfair,4
1063,draw,4
1064,owe,4
1065,exorbitant,4
1066,ie,4
1067,esta,4
1068,interspersed,4
1069,fifth,4
1070,rearlite,4
1071,threedimensional,4
1072,dynamite,4
1073,semihazy,4
1074,stubborn,4
1075,inherent,4
1076,upside,4
1077,tolerable,4
1078,compelling,4
1079,confident,4
1080,quarantine,4
1081,oomph,4
1082,virtual,4
1083,smallish,4
1084,irish,4
1085,privileged,4
1086,eric,4
1087,amberbrown,4
1088,enthusiast,4
1089,iipas,4
1090,perspective,4
1091,questionable,4
1092,affected,4
1093,notorious,4
1094,blackbrown,4
1095,distinguish,4
1096,mediumrich,4
1097,utopias,4
1098,alternative,4
1099,private,4
1100,sunlight,4
1101,undisturbed,4
1102,briny,4
1103,alltime,4
1104,favorable,4
1105,squeeze,4
1106,tricky,4
1107,metal,4
1108,pile,4
1109,ramps,4
1110,screams,4
1111,cuvée,4
1112,chunk,4
1113,sleep,4
1114,nedipas,4
1115,varietal,4
1116,fear,4
1117,goat,4
1118,friggin,4
1119,thursday,4
1120,goldenyellow,4
1121,fail,4
1122,undrinkable,4
1123,funeral,4
1124,fatty,4
1125,bw,4
1126,occur,4
1127,semisticky,4
1128,capable,4
1129,flemmy,4
1130,sooo,4
1131,sizable,4
1132,etched,4
1133,jasmine,4
1134,yay,4
1135,santa,4
1136,rastal,4
1137,slouch,4
1138,silkness,4
1139,yellowgold,4
1140,rip,4
1141,upgrade,4
1142,orangeish,4
1143,gummy,4
1144,uniqueness,4
1145,fake,4
1146,antead,4
1147,expo,4
1148,impervious,4
1149,vine,4
1150,leatherymusty,4
1151,sizeable,4
1152,spongy,4
1153,isolated,4
1154,effortless,4
1155,recognisable,4
1156,fofa,4
1157,problematic,4
1158,reddishbrown,4
1159,plead,4
1160,former,4
1161,swedish,4
1162,genuine,4
1163,pun,4
1164,yeastoaktoasted,4
1165,successful,4
1166,jamaican,4
1167,dessertlike,4
1168,gush,4
1169,club,4
1170,boring,4
1171,cinammon,4
1172,extravagant,4
1173,slickstickychalkytannic,4
1174,creep,4
1175,palewheat,4
1176,purplish,4
1177,lotta,4
1178,coffeeespresso,3
1179,indiana,3
1180,vicious,3
1181,gut,3
1182,sassafras,3
1183,excitement,3
1184,skosh,3
1185,yall,3
1186,amberyellow,3
1187,nerd,3
1188,nimble,3
1189,comprehensive,3
1190,ethiopian,3
1191,silhouette,3
1192,testament,3
1193,mesh,3
1194,perceivable,3
1195,starkly,3
1196,jjj,3
1197,meringue,3
1198,adjust,3
1199,fingerplus,3
1200,needless,3
1201,continuous,3
1202,classify,3
1203,worthwhile,3
1204,luxuriant,3
1205,whack,3
1206,nehazy,3
1207,supersmooth,3
1208,imparted,3
1209,ticked,3
1210,streak,3
1211,frank,3
1212,graceful,3
1213,bro,3
1214,queso,3
1215,prototypical,3
1216,memorial,3
1217,mere,3
1218,nilla,3
1219,ho,3
1220,nbw,3
1221,upsidedown,3
1222,evergreen,3
1223,sensible,3
1224,screen,3
1225,subsequent,3
1226,bodys,3
1227,opaqueness,3
1228,usage,3
1229,daily,3
1230,hfs,3
1231,sos,3
1232,herbaceousness,3
1233,staple,3
1234,burly,3
1235,survive,3
1236,barelywine,3
1237,crossed,3
1238,polish,3
1239,classical,3
1240,monk,3
1241,domestic,3
1242,sensitive,3
1243,reduced,3
1244,gggreen,3
1245,metric,3
1246,flare,3
1247,dramatic,3
1248,social,3
1249,woven,3
1250,amidst,3
1251,everpresent,3
1252,blackish,3
1253,marvelous,3
1254,esophagus,3
1255,bombastic,3
1256,ember,3
1257,strawgold,3
1258,oakey,3
1259,represent,3
1260,effective,3
1261,meanwhile,3
1262,timely,3
1263,eg,3
1264,sdf,3
1265,picky,3
1266,wowza,3
1267,thickly,3
1268,infinite,3
1269,fullflavored,3
1270,crunchy,3
1271,accompany,3
1272,g,3
1273,wifes,3
1274,devilish,3
1275,punched,3
1276,sloppy,3
1277,brush,3
1278,porch,3
1279,redpurple,3
1280,commonly,3
1281,uhhuh,3
1282,mapleesque,3
1283,buckwheat,3
1284,costly,3
1285,latent,3
1286,lackluster,3
1287,asap,3
1288,fifty,3
1289,detailed,3
1290,usd,3
1291,whisp,3
1292,forceful,3
1293,mushy,3
1294,humid,3
1295,woodford,3
1296,sorghum,3
1297,semithick,3
1298,paint,3
1299,horsey,3
1300,lousy,3
1301,simultaneous,3
1302,offdry,3
1303,semiopaque,3
1304,kern,3
1305,sec,3
1306,ondraught,3
1307,intricate,3
1308,portuguese,3
1309,formidable,3
1310,safe,3
1311,unable,3
1312,indian,3
1313,egrandfield,3
1314,alike,3
1315,coral,3
1316,related,3
1317,undercarbonated,3
1318,tie,3
1319,minimum,3
1320,unabashed,3
1321,aware,3
1322,vodka,3
1323,kuhnhenn,3
1324,pervasive,3
1325,appreciable,3
1326,herbalfloral,3
1327,tavern,3
1328,untappd,3
1329,getgo,3
1330,lawson,3
1331,perceive,3
1332,discernable,3
1333,nearwhite,3
1334,fir,3
1335,grill,3
1336,fit,3
1337,lonesome,3
1338,nick,3
1339,technical,3
1340,tanbrown,3
1341,durian,3
1342,ultimate,3
1343,eagan,3
1344,glaze,3
1345,goldyellow,3
1346,semicreamy,3
1347,contemplative,3
1348,sealed,3
1349,farmy,3
1350,practical,3
1351,camel,3
1352,umber,3
1353,espuma,3
1354,suitable,3
1355,cloudiness,3
1356,wondrous,3
1357,influenced,3
1358,inner,3
1359,replete,3
1360,unnoticed,3
1361,secret,3
1362,impeccable,3
1363,australian,3
1364,thumb,3
1365,resemble,3
1366,brutal,3
1367,sensual,3
1368,miranda,3
1369,mega,3
1370,devoid,3
1371,darkbreadylight,3
1372,paa,3
1373,substyle,3
1374,er,3
1375,elusive,3
1376,deny,3
1377,sawdust,3
1378,java,3
1379,imported,3
1380,noble,3
1381,fingerandahalf,3
1382,itll,3
1383,luminous,3
1384,unobtrusive,3
1385,undercarbed,3
1386,mmmmm,3
1387,iconic,3
1388,static,3
1389,broad,3
1390,hershey,3
1391,pumpkin,3
1392,invokes,3
1393,distinguishable,3
1394,invite,3
1395,redgreen,3
1396,chipotle,3
1397,woodsiness,3
1398,más,3
1399,intentional,3
1400,whine,3
1401,aurelian,3
1402,westmalle,3
1403,offensive,3
1404,persimmon,3
1405,fingertall,3
1406,nfl,3
1407,mo,3
1408,awake,3
1409,tapestry,3
1410,milkwhite,3
1411,yeastearthy,3
1412,pelican,3
1413,hung,3
1414,citrusfruitytropicalearthy,3
1415,caribbean,3
1416,suite,2
1417,decorah,2
1418,beleive,2
1419,objectionable,2
1420,oakvanilla,2
1421,unenjoyable,2
1422,thicken,2
1423,100th,2
1424,swift,2
1425,canadian,2
1426,exemplary,2
1427,adverse,2
1428,accomplish,2
1429,pineyhoppy,2
1430,jayorear,2
1431,strive,2
1432,piny,2
1433,realistic,2
1434,honeygold,2
1435,eggshellwhite,2
1436,thoughtful,2
1437,scott,2
1438,appreciative,2
1439,carmine,2
1440,prohibitive,2
1441,apr,2
1442,nary,2
1443,homemade,2
1444,mental,2
1445,heftiness,2
1446,utter,2
1447,verdant,2
1448,critical,2
1449,gosh,2
1450,gab,2
1451,precious,2
1452,lemonyellow,2
1453,weave,2
1454,inimitable,2
1455,dreamy,2
1456,crave,2
1457,immaculate,2
1458,returned,2
1459,whilst,2
1460,cherrylike,2
1461,mimic,2
1462,tony,2
1463,popcorn,2
1464,revolutionary,2
1465,fux,2
1466,intact,2
1467,child,2
1468,unlikely,2
1469,snap,2
1470,dear,2
1471,lamp,2
1472,impactful,2
1473,flourish,2
1474,unadjuncted,2
1475,framed,2
1476,joint,2
1477,painful,2
1478,cherish,2
1479,brasserie,2
1480,bountiful,2
1481,deerfield,2
1482,legal,2
1483,superfluous,2
1484,windy,2
1485,sniffed,2
1486,tonic,2
1487,sluggish,2
1488,ish,2
1489,nth,2
1490,cheesey,2
1491,sorta,2
1492,guilty,2
1493,ubiquitous,2
1494,shinkū,2
1495,ostentatious,2
1496,cheek,2
1497,noggin,2
1498,gargantuan,2
1499,vanillacaramel,2
1500,warrior,2
1501,grassearth,2
1502,navel,2
1503,gimmick,2
1504,mediumgolden,2
1505,ds,2
1506,heap,2
1507,affordable,2
1508,prospect,2
1509,pomegranate,2
1510,gentian,2
1511,obscure,2
1512,seasonal,2
1513,upset,2
1514,sandwich,2
1515,continual,2
1516,peeps,2
1517,approachability,2
1518,dew,2
1519,punctuated,2
1520,muscular,2
1521,thinnish,2
1522,optimum,2
1523,conceivable,2
1524,united,2
1525,wonka,2
1526,crabapple,2
1527,socal,2
1528,rollercoaster,2
1529,bumpy,2
1530,foreign,2
1531,influx,2
1532,strawyellow,2
1533,resurgam,2
1534,infrequent,2
1535,untitled,2
1536,effectivly,2
1537,blackwaxed,2
1538,installment,2
1539,funkvinegar,2
1540,lipstick,2
1541,liver,2
1542,grove,2
1543,enhancement,2
1544,peek,2
1545,separated,2
1546,understatement,2
1547,weigh,2
1548,dissimilar,2
1549,jeffreed61,2
1550,tepid,2
1551,shelton,2
1552,unaged,2
1553,stain,2
1554,ipaish,2
1555,professional,2
1556,ocalafox,2
1557,supportive,2
1558,finetuned,2
1559,choose,2
1560,sippable,2
1561,fork,2
1562,wed,2
1563,nontranslucent,2
1564,concentric,2
1565,anxious,2
1566,subtleness,2
1567,heighten,2
1568,mad,2
1569,julian,2
1570,legit,2
1571,jason,2
1572,belief,2
1573,nit,2
1574,nervous,2
1575,desirable,2
1576,b5,2
1577,assure,2
1578,thickish,2
1579,mangopineapple,2
1580,sox,2
1581,quantify,2
1582,slickish,2
1583,phew,2
1584,tornado,2
1585,toronados,2
1586,unforseen,2
1587,unfolding,2
1588,contrary,2
1589,varnish,2
1590,crucial,2
1591,superficial,2
1592,eon,2
1593,stumbled,2
1594,unforgettable,2
1595,nutshell,2
1596,nonstop,2
1597,cocoadusted,2
1598,tilted,2
1599,thered,2
1600,nagging,2
1601,insubstantial,2
1602,lumps,2
1603,undesirable,2
1604,neighborhood,2
1605,fosho,2
1606,reluctant,2
1607,objective,2
1608,estimation,2
1609,controversial,2
1610,bulbous,2
1611,fthick,2
1612,pinapple,2
1613,ferment,2
1614,degarde,2
1615,shortish,2
1616,unmatched,2
1617,regional,2
1618,gigantic,2
1619,british,2
1620,onionchive,2
1621,youthful,2
1622,horn,2
1623,weakly,2
1624,figgy,2
1625,lockdown,2
1626,sensational,2
1627,opaquehazy,2
1628,pineapplemango,2
1629,cidre,2
1630,couch,2
1631,artful,2
1632,uncorked,2
1633,josh,2
1634,ate,2
1635,acorn,2
1636,mossy,2
1637,schnoz,2
1638,sierranevallagash,2
1639,dat,2
1640,karma,2
1641,dorado,2
1642,inevitable,2
1643,streaky,2
1644,unclear,2
1645,experimental,2
1646,pineyearthy,2
1647,outlier,2
1648,herbalearthy,2
1649,orangepineapple,2
1650,ouch,2
1651,steeped,2
1652,comp,2
1653,foolish,2
1654,pedal,2
1655,ear,2
1656,racey,2
1657,mintycamphoraceous,2
1658,pinkpurple,2
1659,unison,2
1660,floras,2
1661,maltbitterness,2
1662,geek,2
1663,nothingness,2
1664,predict,2
1665,phenominal,2
1666,contour,2
1667,fruitylactic,2
1668,knowledgeable,2
1669,toastiness,2
1670,mineraly,2
1671,agricultural,2
1672,stoutlike,2
1673,temporary,2
1674,sigh,2
1675,noticable,2
1676,satchel,2
1677,guzzle,2
1678,helm,2
1679,echo,2
1680,buena,2
1681,imperceptible,2
1682,deli,2
1683,abvs,2
1684,demerara,2
1685,nominal,2
1686,allston,2
1687,tear,2
1688,civil,2
1689,hyacinth,2
1690,asian,2
1691,understandable,2
1692,whiteish,2
1693,vegetative,2
1694,ucaba,2
1695,predictable,2
1696,composite,2
1697,woodbarrel,2
1698,hedonistic,2
1699,pastrylike,2
1700,outrageous,2
1701,pin,2
1702,chemical,2
1703,stray,2
1704,flair,2
1705,glencairn,2
1706,unnecessary,2
1707,stopper,2
1708,winooski,2
1709,blabaer,2
1710,definitive,2
1711,frothiness,2
1712,cautious,2
1713,overflow,2
1714,sear,2
1715,afraid,2
1716,reliable,2
1717,commercial,2
1718,freshroasted,2
1719,niche,2
1720,tx,2
1721,japanese,2
1722,derivative,2
1723,artisan,2
1724,intermixed,2
1725,urge,2
1726,ironic,2
1727,human,2
1728,spry,2
1729,tuns,2
1730,nontransparent,2
1731,finnish,2
1732,dubbed,2
1733,sloe,2
1734,imaginable,2
1735,pulltab,2
1736,edgy,2
1737,pappy,2
1738,referenced,2
1739,handy,2
1740,insignificant,2
1741,comfort,2
1742,drown,2
1743,doubledry,2
1744,sc,2
1745,unforgiving,2
1746,obnoxious,2
1747,unapologetic,2
1748,drip,2
1749,hydra,2
1750,fulfill,2
1751,ashiness,2
1752,excite,2
1753,arrogant,2
1754,widespread,2
1755,stumbling,2
1756,voodoo,2
1757,boosy,2
1758,perrin,2
1759,turkish,2
1760,impy,2
1761,honed,2
1762,bio,2
1763,dial,2
1764,twilight,2
1765,substantive,2
1766,vie,2
1767,uncanny,2
1768,slid,2
1769,functional,2
1770,expiry,2
1771,purged,2
1772,belong,2
1773,chuggable,2
1774,freak,2
1775,reflective,2
1776,sourtarttangy,2
1777,woemad,2
1778,nosemango,2
1779,mylar,2
1780,un,2
1781,reward,2
1782,nitpick,2
1783,commendable,2
1784,adjective,2
1785,vegetalherbal,2
1786,seeps,2
1787,powered,2
1788,undeniable,2
1789,pureed,2
1790,interwoven,2
1791,shroud,2
1792,bitterdry,2
1793,protein,2
1794,threefinger,2
1795,westy,2
1796,hawaiian,2
1797,juicysoft,2
1798,sharpen,2
1799,stereotypical,2
1800,fondue,2
1801,aa,2
1802,ebbed,2
1803,passive,2
1804,russ,2
1805,superrich,2
1806,unholy,2
1807,herbalroastchar,2
1808,vanille,2
1809,hollow,2
1810,deftness,2
1811,quibble,2
1812,saltiness,2
1813,angular,2
1814,ancient,2
1815,unfinished,2
1816,brighten,2
1817,whitish,2
1818,cured,2
1819,atypical,2
1820,chive,2
1821,rosy,2
1822,harrison8,2
1823,dish,2
1824,fluffiness,2
1825,laurel,2
1826,vanillaforward,2
1827,anvil,2
1828,pandemic,2
1829,nearby,2
1830,spectacularly,2
1831,allotment,2
1832,tangible,2
1833,chicken,2
1834,flemish,2
1835,physical,2
1836,pinnapple,2
1837,manhattan,2
1838,greg,2
1839,emerald,2
1840,cellarman,2
1841,rummy,2
1842,welltasty,1
1843,smallformat,1
1844,presidential,1
1845,guppy,1
1846,brewnic,1
1847,ozs,1
1848,aretha,1
1849,uhhh,1
1850,nonsynthetic,1
1851,wobble,1
1852,overal,1
1853,charity,1
1854,hunapuh,1
1855,crescendos,1
1856,ryewhiskey,1
1857,mayan,1
1858,societe,1
1859,tarblack,1
1860,bourbonwhiskey,1
1861,pie102017,1
1862,tent,1
1863,deathly,1
1864,chin,1
1865,headytopper,1
1866,conventional,1
1867,comparative,1
1868,woodymusty,1
1869,tome,1
1870,pk,1
1871,voluminous,1
1872,dankgrassy,1
1873,kimmich,1
1874,canary,1
1875,speigeleau,1
1876,marmaladechutney,1
1877,hourslong,1
1878,poncho,1
1879,nearish,1
1880,prepandemic,1
1881,accept,1
1882,lottsa,1
1883,bergson,1
1884,mostmany,1
1885,improbable,1
1886,industrial,1
1887,foundational,1
1888,bigtime,1
1889,apologized,1
1890,lowfat,1
1891,effortlessness,1
1892,ohhh,1
1893,weedherbal,1
1894,upstart,1
1895,turbidly,1
1896,sprucy,1
1897,sappiness,1
1898,evaporative,1
1899,undrinkability,1
1900,someof,1
1901,ojmangopeachpineapple,1
1902,backendjust,1
1903,citradriven,1
1904,freakin,1
1905,feelincredible,1
1906,whiskysome,1
1907,fuggy,1
1908,hunch,1
1909,huuuuuuuge,1
1910,mucous,1
1911,tarnish,1
1912,aloe,1
1913,semiearthy,1
1914,eccentric,1
1915,fifthteenth,1
1916,wrapper,1
1917,supersoft,1
1918,pineyresiny,1
1919,weary,1
1920,clammer,1
1921,bizarre,1
1922,obituary,1
1923,upwardcascading,1
1924,arrive,1
1925,pulsethe,1
1926,bananaeh,1
1927,refrigeratorthe,1
1928,cried,1
1929,beamed,1
1930,browntan,1
1931,inadvertent,1
1932,ultradark,1
1933,fistfull,1
1934,tonys,1
1935,napoletana,1
1936,unctuous,1
1937,advisory,1
1938,tale,1
1939,rival,1
1940,myth,1
1941,companys,1
1942,ffull,1
1943,supercolter,1
1944,illinois,1
1945,exam,1
1946,cappuccinocolored,1
1947,martian,1
1948,calvados,1
1949,gesture,1
1950,milwaukeeclassic,1
1951,abused,1
1952,tugofwar,1
1953,zenith,1
1954,nibbler,1
1955,humongous,1
1956,horrendous,1
1957,upas,1
1958,mechanic,1
1959,iso,1
1960,ft,1
1961,carbonationcould,1
1962,unforgiven,1
1963,nearcomprehensive,1
1964,intrinsic,1
1965,prreettty,1
1966,cavendish,1
1967,sweeping,1
1968,filthy,1
1969,norse,1
1970,solomillo,1
1971,overripefermented,1
1972,shandy,1
1973,skeptic,1
1974,nillerzzzzzcrema,1
1975,satisfactory,1
1976,bristol,1
1977,unassertive,1
1978,whadayamean,1
1979,alltropical,1
1980,smellsthe,1
1981,stong,1
1982,quinine,1
1983,counted,1
1984,competent,1
1985,canbatch,1
1986,mangotropical,1
1987,alltiem,1
1988,herbalweed,1
1989,greeeen,1
1990,peachnectarine,1
1991,thirteenth,1
1992,peculiar,1
1993,lightlyearthy,1
1994,betterbalanced,1
1995,buoyant,1
1996,hearth,1
1997,botiful,1
1998,pineyness,1
1999,grainmalt,1
2000,underestimate,1
2001,champaign,1
2002,indirect,1
2003,proficient,1
2004,spirited,1
2005,todd,1
2006,orangepinkish,1
2007,decant,1
2008,pre2015,1
2009,unendurable,1
2010,preliminary,1
2011,hibiki,1
2012,mannerisms,1
2013,capcom,1
2014,140th,1
2015,cpu,1
2016,ginormous,1
2017,injected,1
2018,againthe,1
2019,moistish,1
2020,heisenbrew,1
2021,beerif,1
2022,baigccs,1
2023,literal,1
2024,feelpretty,1
2025,pineycitrusy,1
2026,stonetropical,1
2027,centennial,1
2028,relic,1
2029,influential,1
2030,pineymusky,1
2031,salivate,1
2032,nichols33,1
2033,malthop,1
2034,alit,1
2035,ups,1
2036,clumsy,1
2037,neipathis,1
2038,nearcrystal,1
2039,joose,1
2040,violated,1
2041,naddy,1
2042,barrett,1
2043,sosheady,1
2044,leery,1
2045,ski,1
2046,highalcohol,1
2047,fanfuckingtastic,1
2048,virtical,1
2049,bernadus,1
2050,acceptable,1
2051,westvletern,1
2052,committed,1
2053,unearthly,1
2054,monastic,1
2055,roastyrich,1
2056,onemuch,1
2057,lifestyle,1
2058,carmalized,1
2059,incomparable,1
2060,podcast,1
2061,favourable,1
2062,uptick,1
2063,floralpineycitrusy,1
2064,isa,1
2065,tastepineapple,1
2066,nonipa,1
2067,mountainous,1
2068,progressive,1
2069,ultraharmonious,1
2070,outbreak,1
2071,lúpulo,1
2072,grassier,1
2073,whiteshas,1
2074,tasteincredible,1
2075,baptist,1
2076,purposebuilt,1
2077,fanatic,1
2078,ticky,1
2079,glassvery,1
2080,leftwill,1
2081,nonheady,1
2082,curvacious,1
2083,subtlehidden,1
2084,patchouli,1
2085,donated,1
2086,unanticipated,1
2087,reintroduced,1
2088,tekustyle,1
2089,grasshay,1
2090,accesible,1
2091,semianonymous,1
2092,bankrupt,1
2093,souracetic,1
2094,guezelike,1
2095,sdbw,1
2096,finishcrazy,1
2097,abraxis,1
2098,indescribable,1
2099,unrealistic,1
2100,lactosy,1
2101,strum,1
2102,chocolatemaple,1
2103,lowlow,1
2104,springy,1
2105,throttle,1
2106,instantaneous,1
2107,spare,1
2108,pehenomenal,1
2109,concrete,1
2110,sinful,1
2111,dresden,1
2112,craniatomy,1
2113,sugarmaplecaramel,1
2114,moreit,1
2115,missus,1
2116,wheatgrain,1
2117,carnivale,1
2118,jean,1
2119,redpurpleish,1
2120,bight,1
2121,notsodistant,1
2122,sfunky,1
2123,meticulous,1
2124,amarena,1
2125,looong,1
2126,colorful,1
2127,loooooong,1
2128,tertiary,1
2129,perplexed,1
2130,minnie,1
2131,tossed,1
2132,oldie,1
2133,assert,1
2134,bday,1
2135,increasable,1
2136,gueuzeesque,1
2137,adarius,1
2138,fune,1
2139,filmishmish,1
2140,marginal,1
2141,inexcusable,1
2142,orangefamily,1
2143,ultraclean,1
2144,quench,1
2145,bose,1
2146,starbright,1
2147,underipe,1
2148,innocent,1
2149,stanley,1
2150,lslight,1
2151,feelsoft,1
2152,overallexceptional,1
2153,copal,1
2154,earthyfloral,1
2155,acheive,1
2156,queen,1
2157,untouchable,1
2158,overnight,1
2159,demolish,1
2160,continious,1
2161,lusciousness,1
2162,cinnabomb,1
2163,unspiced,1
2164,howdy,1
2165,contend,1
2166,comic,1
2167,dankishly,1
2168,stern,1
2169,rosemary,1
2170,undead,1
2171,lookit,1
2172,peruvian,1
2173,underpinning,1
2174,stress,1
2175,toady,1
2176,humpty,1
2177,scoville,1
2178,floridian,1
2179,chocolateness,1
2180,abominable,1
2181,glugged,1
2182,stuffive,1
2183,immobile,1
2184,weakish,1
2185,pineappletropical,1
2186,brewfavorite,1
2187,tha,1
2188,undone,1
2189,chuckle,1
2190,pleasurable,1
2191,crispish,1
2192,plantfloral,1
2193,wowd,1
2194,hypnotic,1
2195,serviceable,1
2196,bush,1
2197,häagendazs,1
2198,hairy,1
2199,whitepinkish,1
2200,mistakable,1
2201,greek,1
2202,whiteredish,1
2203,savorable,1
2204,yeeeeeah,1
2205,upcoming,1
2206,demonic,1
2207,whift,1
2208,flava,1
2209,skid,1
2210,sulfurous,1
2211,oakrye,1
2212,lnearblack,1
2213,overallnot,1
2214,blackback,1
2215,minimalistic,1
2216,skingrassy,1
2217,unheard,1
2218,overripemushy,1
2219,spicyherbal,1
2220,doubleimperial,1
2221,fdf,1
2222,rubyit,1
2223,drunken,1
2224,orca,1
2225,thic,1
2226,tainted,1
2227,naivete,1
2228,blackcurrant,1
2229,magician,1
2230,hesitant,1
2231,trumped,1
2232,quoth,1
2233,romantic,1
2234,nonavian,1
2235,pkg050721,1
2236,țropical,1
2237,pkg051321,1
2238,guavy,1
2239,unfrosted,1
2240,midtoheavy,1
2241,juicyneipa,1
2242,damnnear,1
2243,liiiittle,1
2244,burden,1
2245,orangetropical,1
2246,lacingthe,1
2247,pinebough,1
2248,alcoholinfused,1
2249,factored,1
2250,warmths,1
2251,lookminimal,1
2252,tastegreen,1
2253,feellow,1
2254,tartnesssuper,1
2255,yupp,1
2256,unfruited,1
2257,uncommon,1
2258,nicedrinking,1
2259,neopolitan,1
2260,flavorbomb,1
2261,neop,1
2262,overpoweringimmediate,1
2263,scooop,1
2264,glasswith,1
2265,notesnice,1
2266,duplicate,1
2267,barreltheon,1
2268,bramblebackyardlife,1
2269,creative,1
2270,enlgish,1
2271,gnat,1
2272,smoketinged,1
2273,diminutive,1
2274,slothful,1
2275,toothsome,1
2276,unsatisfying,1
2277,brownruby,1
2278,skull,1
2279,topanade,1
2280,pro,1
2281,percussive,1
2282,copperbrown,1
2283,lnice,1
2284,fhappy,1
2285,orangeishbrown,1
2286,emmi,1
2287,tanninic,1
2288,nearconstant,1
2289,roundish,1
2290,dichotomy,1
2291,unexplainable,1
2292,boozesoaken,1
2293,shoo,1
2294,iwaad,1
2295,sugarpanela,1
2296,vinmonopolet,1
2297,mimosa,1
2298,severe,1
2299,illness,1
2300,funks,1
2301,tumble,1
2302,awe,1
2303,shellfish,1
2304,ogvs,1
2305,brisk,1
2306,5000th,1
2307,stonefruits,1
2308,ripped,1
2309,mantle,1
2310,pleine,1
2311,bealgian,1
2312,grapefruitcitrus,1
2313,scrawny,1
2314,satsuma,1
2315,likeem,1
2316,opiate,1
2317,nocal,1
2318,warren,1
2319,beatty,1
2320,natalie,1
2321,choppy,1
2322,saucelike,1
2323,gloppy,1
2324,person4,1
2325,wich,1
2326,unbelieveable,1
2327,exaggerated,1
2328,nectarous,1
2329,unmalted,1
2330,determine,1
2331,straigh,1
2332,haygrassy,1
2333,goldenyellowish,1
2334,dubious,1
2335,hazealicious,1
2336,goldstraw,1
2337,knowitall,1
2338,hopspine,1
2339,adapt,1
2340,financial,1
2341,faithful,1
2342,cogent,1
2343,fruitheavy,1
2344,honour,1
2345,inebriant,1
2346,whadda,1
2347,delicous,1
2348,shattered,1
2349,christian,1
2350,gloomy,1
2351,itthe,1
2352,finishthe,1
2353,cabot,1
2354,unattractiveness,1
2355,pistol,1
2356,cannabic,1
2357,unattractive,1
2358,bigbubble,1
2359,remnant,1
2360,geti,1
2361,inthey,1
2362,bacteriaridden,1
2363,microfloral,1
2364,acetobacter,1
2365,lactobomb,1
2366,smacky,1
2367,brittany,1
2368,attentuated,1
2369,vinegaracetic,1
2370,troublesome,1
2371,aciditysourness,1
2372,oversteeped,1
2373,eventual,1
2374,yellowstraw,1
2375,andvpeppery,1
2376,scummy,1
2377,lkind,1
2378,sgrassyhay,1
2379,fcreamy,1
2380,whoah,1
2381,dextrose,1
2382,junior,1
2383,earthymusty,1
2384,cigstain,1
2385,nuttybread,1
2386,tastea,1
2387,customary,1
2388,lookoj,1
2389,courseyellowish,1
2390,smellhoppy,1
2391,tastepretty,1
2392,tangerineclementine,1
2393,homerun,1
2394,dean,1
2395,bitey,1
2396,lemongrassy,1
2397,thecan,1
2398,lament,1
2399,rid,1
2400,swaggy,1
2401,bish,1
2402,fron,1
2403,mindblown,1
2404,mnice,1
2405,overindulgent,1
2406,lenox,1
2407,hull,1
2408,lofi,1
2409,characterful,1
2410,whittish,1
2411,watchful,1
2412,infamous,1
2413,brewski,1
2414,mmmkay,1
2415,overtop,1
2416,nondouble,1
2417,nolahophead,1
2418,laughable,1
2419,chosen,1
2420,tldr,1
2421,orangishpale,1
2422,incenseonionherbal,1
2423,universal,1
2424,gulf,1
2425,q4,1
2426,novare,1
2427,retreated,1
2428,grapefruitdelicious,1
2429,cavs,1
2430,solar,1
2431,sipsthis,1
2432,liberal,1
2433,tripa,1
2434,dioa,1
2435,uphill,1
2436,subtlethen,1
2437,sumptuous,1
2438,clinic,1
2439,ipastyle,1
2440,iamcmbryant,1
2441,recognizes,1
2442,vanillacreamy,1
2443,othis,1
2444,bahamas,1
2445,danceive,1
2446,unanimous,1
2447,virginia,1
2448,inflate,1
2449,beable,1
2450,abc,1
2451,usda,1
2452,stratospheric,1
2453,smile,1
2454,runny,1
2455,ultrathin,1
2456,beigebrown,1
2457,colabrown,1
2458,circumferential,1
2459,nitpicky,1
2460,trippy,1
2461,intrusive,1
2462,plummet,1
2463,plumskin,1
2464,spritziness,1
2465,overallwonderful,1
2466,gleekysourness,1
2467,stous,1
2468,stevedark,1
2469,moderated,1
2470,adjacent,1
2471,fantasia,1
2472,superlactic,1
2473,founeish,1
2474,maakun,1
2475,lemonbright,1
2476,maderized,1
2477,consensual,1
2478,drambuie,1
2479,toniclike,1
2480,feral,1
2481,tartaric,1
2482,legible,1
2483,tercertiempocervezas,1
2484,viendo,1
2485,soportable,1
2486,uvas,1
2487,notan,1
2488,grapeish,1
2489,orangepinkpurple,1
2490,tangytannic,1
2491,acidictangytannic,1
2492,jammyvinous,1
2493,lowish,1
2494,sooth,1
2495,linen,1
2496,rockin,1
2497,nicelfor,1
2498,offness,1
2499,nd,1
2500,densethick,1
2501,nursed,1
2502,ninth,1
2503,teep,1
2504,truer,1
2505,rigid,1
2506,hayloft,1
2507,commentary,1
2508,hypothetical,1
2509,goegeous,1
2510,urban,1
2511,vigneronne,1
2512,vig,1
2513,cedary,1
2514,chewable,1
2515,jenny,1
2516,coffeecinnamon,1
2517,mineralrich,1
2518,energetic,1
2519,involvedness,1
2520,grapevanilla,1
2521,composure,1
2522,lordy,1
2523,trended,1
2524,unflattering,1
2525,feelmild,1
2526,alight,1
2527,gulps,1
2528,replacement,1
2529,mchughs,1
2530,fbs,1
2531,formal,1
2532,flaxen,1
2533,dinnerdesert,1
2534,daythis,1
2535,westvelten,1
2536,frosty,1
2537,toffe,1
2538,stiffpeak,1
2539,eggwhite,1
2540,berlinerstyle,1
2541,smoothy,1
2542,unrealguava,1
2543,ondry,1
2544,dread,1
2545,smellnot,1
2546,feelmediumheavy,1
2547,hic,1
2548,begs,1
2549,troipical,1
2550,not2quick,1
2551,oakvillekgb,1
2552,oaks,1
2553,yellowthin,1
2554,sucuba,1
2555,aplenty,1
2556,bottlecan,1
2557,ebc,1
2558,naglee,1
2559,sweetcaramel,1
2560,ajs,1
2561,numerical,1
2562,pried,1
2563,majestic,1
2564,spiceearthiness,1
2565,resonant,1
2566,suggestive,1
2567,insignus,1
2568,superthick,1
2569,lovestrong,1
2570,viscose,1
2571,yearish,1
2572,fixie,1
2573,jolt,1
2574,putmedown,1
2575,kahlua,1
2576,cinnabun,1
2577,sugariness,1
2578,unexceptional,1
2579,peer,1
2580,dawgs,1
2581,bourbonbooze,1
2582,beerish,1
2583,overaged,1
2584,fantasy,1
2585,visceral,1
2586,hilltop,1
2587,toptoo,1
2588,granular,1
2589,consumable,1
2590,brackish,1
2591,adjunctheavy,1
2592,flavorsfudgy,1
2593,tobaccothick,1
2594,brewmexican,1
2595,licious,1
2596,absentminded,1
2597,conical,1
2598,purvey,1
2599,citrustropical,1
2600,intergalactic,1
2601,proprietary,1
2602,geographic,1
2603,incongruous,1
2604,ls,1
2605,whatd,1
2606,lotiony,1
2607,equivalent,1
2608,giddy,1
2609,narrative,1
2610,nicelyno,1
2611,unpretentious,1
2612,tastingdelicious,1
2613,underbrush,1
2614,emotional,1
2615,whoda,1
2616,longstanding,1
2617,endemic,1
2618,molecular,1
2619,risky,1
2620,stoutiness,1
2621,liveliness,1
2622,shotski,1
2623,unnoticeable,1
2624,pretentious,1
2625,udon,1
2626,venom,1
2627,fruitycitrusy,1
2628,dumb,1
2629,tanniny,1
2630,bluepurple,1
2631,sfresh,1
2632,fperfect,1
2633,newborn,1
2634,himmergiet,1
2635,bluish,1
2636,elina,1
2637,uno,1
2638,refunded,1
2639,righteous,1
2640,beehive,1
2641,oral,1
2642,barbaric,1
2643,meteoric,1
2644,poundable,1
2645,murkey,1
2646,topical,1
2647,sol,1
2648,semiripe,1
2649,semiraw,1
2650,largish,1
2651,aromatici,1
2652,pedestrian,1
2653,rubbery,1
2654,oliphant,1
2655,spike,1
2656,aspartameartificial,1
2657,primo,1
2658,tug,1
2659,oxidizes,1
2660,pt,1
2661,retentive,1
2662,unboxing,1
2663,unbox,1
2664,excel,1
2665,amarettonose,1
2666,sherrycognac,1
2667,syrupytannic,1
2668,unbearable,1
2669,thicky,1
2670,paradisial,1
2671,fudgyvanilla,1
2672,coconu,1
2673,prarie,1
2674,premier,1
2675,opalescent,1
2676,natty,1
2677,weir,1
2678,duopoly,1
2679,liquified,1
2680,bitterwhich,1
2681,monument,1
2682,utensils,1
2683,greern,1
2684,dankcatty,1
2685,singlegrassy,1
2686,nearaggressive,1
2687,merciful,1
2688,yellowishgold,1
2689,oatdriven,1
2690,eclectic,1
2691,gggreennns,1
2692,omfg,1
2693,jen,1
2694,boisterious,1
2695,advertized,1
2696,breakdown,1
2697,homie,1
2698,ddhthis,1
2699,uncondusive,1
2700,redamber,1
2701,nosily,1
2702,herd,1
2703,asleep,1
2704,urgency,1
2705,pleasnt,1
2706,fruityearthy,1
2707,lactiness,1
2708,unmarked,1
2709,suttle,1
2710,nonopaque,1
2711,wineesque,1
2712,parenthetical,1
2713,responsible,1
2714,incapable,1
2715,mfd,1
2716,redorangeish,1
2717,ambiguous,1
2718,pricetag,1
2719,smoooth,1
2720,merkin,1
2721,brag,1
2722,isaac,1
2723,asterisk,1
2724,monumental,1
2725,sall,1
2726,pharmaceutical,1
2727,national,1
2728,paved,1
2729,nonsour,1
2730,arrayed,1
2731,raspberryforward,1
2732,barnyardcheese,1
2733,orangepinkgold,1
2734,murkyhazy,1
2735,critique,1
2736,colordeep,1
2737,citrusygrapefruit,1
2738,creamsicleyeah,1
2739,fullestim,1
2740,scintillae,1
2741,crane,1
2742,galangal,1
2743,enigmatic,1
2744,ax,1
2745,sesh,1
2746,bubbliness,1
2747,omph,1
2748,softtoflat,1
2749,swamp,1
2750,hopladen,1
2751,downsized,1
2752,c44,1
2753,bonbon,1
2754,grapewhite,1
2755,awsome,1
2756,mclean,1
2757,mellowness,1
2758,source3719,1
2759,thatbeardedguy,1
2760,nin,1
2761,hypethe,1
2762,toothpick,1
2763,nobodys,1
2764,threefour,1
2765,stressful,1
2766,wonderment,1
2767,palatal,1
2768,illustrious,1
2769,sixth,1
2770,reusable,1
2771,annie,1
2772,expressable,1
2773,subservient,1
2774,caveman,1
2775,tchocolate,1
2776,adeep,1
2777,moonless,1
2778,cocoatan,1
2779,hugenessa,1
2780,pepperycinnamon,1
2781,korean,1
2782,pkg051821,1
2783,unavailable,1
2784,aleipa,1
2785,orangepineapplemango,1
2786,sixteen,1
2787,amateur,1
2788,sweetthen,1
2789,semitransparent,1
2790,highvalue,1
2791,piccolo,1
2792,sauna,1
2793,boozycitric,1
2794,smelli,1
2795,outof,1
2796,chewysyrupyboozy,1
2797,speckled,1
2798,salacious,1
2799,barbarian,1
2800,diet,1
2801,mortal,1
2802,chlorophyllplant,1
2803,excellentbold,1
2804,foamyfluffy,1
2805,parameniscal,1
2806,medheavy,1
2807,candyish,1
2808,dusky,1
2809,earlierin,1
2810,stupendous,1
2811,queda,1
2812,suavizada,1
2813,raspberryness,1
2814,fortnite,1
2815,nordic,1
2816,bitternesssome,1
2817,amok,1
2818,lyft,1
2819,elderly,1
2820,western,1
2821,circa,1
2822,blastin,1
2823,neautral,1
2824,hhhwhipped,1
2825,juicenot,1
2826,huuuge,1
2827,maplecovered,1
2828,cloyed,1
2829,siagon,1
2830,coconuty,1
2831,underrepresented,1
2832,theorem,1
2833,colombian,1
2834,indonesian,1
2835,superviscous,1
2836,boils,1
2837,albert,1
2838,indebted,1
2839,shyne,1
2840,siete,1
2841,rome,1
2842,religious,1
2843,sweden,1
2844,swisher,1
2845,ssmooth,1
2846,tnow,1
2847,paulmpapp,1
2848,purplereddish,1
2849,je,1
2850,fab,1
2851,flamboyant,1
2852,listen,1
2853,forza,1
2854,prized,1
2855,unqualified,1
2856,unmistakeable,1
2857,semivigorous,1
2858,chocolateblack,1
2859,foamcaramel,1
2860,outweigh,1
2861,net,1
2862,abnormal,1
2863,underwear,1
2864,abyssian,1
2865,quieter,1
2866,epitaph,1
2867,viral,1
2868,novel,1
2869,monstrous,1
2870,ignite,1
2871,legitimate,1
2872,slug,1
2873,fsemicreamy,1
2874,untraditional,1
2875,recal,1
2876,yuuuge,1
2877,smoooooooth,1
2878,routine,1
2879,nuttyroasty,1
2880,coalblack,1
2881,huuuuge,1
2882,vatlandsvåg,1
2883,tsa,1
2884,unfurl,1
2885,sovereign,1
2886,noseim,1
2887,armand4,1
2888,fend,1
2889,splish,1
2890,measurable,1
2891,unpleasantness,1
2892,jammed,1
2893,finicky,1
2894,archetypical,1
2895,turpentine,1
2896,ohsofamiliar,1
2897,everetts,1
2898,chocolatebrown,1
2899,rightno,1
2900,roastforward,1
2901,adjunctfree,1
2902,moldhay,1
2903,sourish,1
2904,princess,1
2905,unfold,1
2906,lemonssweet,1
2907,jess,1
2908,packapunch,1
2909,unbroken,1
2910,unhyped,1
2911,copse,1
2912,stalwart,1
2913,heyhiggi,1
2914,georgetown,1
2915,extractchemical,1
2916,artificialchemical,1
2917,dated112618,1
2918,presentable,1
2919,coffeecafe,1
2920,appetite,1
2921,solodome,1
2922,idiosyncratic,1
2923,productive,1
2924,sleeplucky,1
2925,ingenious,1
2926,unlucky,1
2927,overcarbed,1
2928,farsuperior,1
2929,supppose,1
2930,heftweight,1
2931,biannual,1
2932,lic,1
2933,freshy,1
2934,volcanic,1
2935,forgettable,1
2936,trioical,1
2937,fcoj,1
2938,nonastringent,1
2939,noodle,1
2940,neonish,1
2941,killin,1
2942,huskiness,1
2943,progeny,1
2944,noseful,1
2945,toy,1
2946,tropicalgrassyvegetal,1
2947,earthiergrassy,1
2948,leek,1
2949,petal,1
2950,henrys,1
2951,poetic,1
2952,pleasegive,1
2953,flashy,1
2954,alomg,1
2955,upright,1
2956,citradominant,1
2957,fruityboozy,1
2958,deluxe,1
2959,supertasty,1
2960,harmoneous,1
2961,traverse,1
2962,cocoacoconut,1
2963,sealant,1
2964,flabor,1
2965,pinpoint,1
2966,nicelynotsweet,1
2967,kriekcherry,1
2968,cherrry,1
2969,utilizes,1
2970,downward,1
2971,ultradry,1
2972,fancywasteful,1
2973,pinklight,1
2974,handwashed,1
2975,puckeringastringent,1
2976,grainyacidictangytannic,1
2977,lactictannic,1
2978,sourfest,1
2979,innocuous,1
2980,sixfebruary,1
2981,abvexpected,1
2982,harrar,1
2983,cocnut,1
2984,juicy1,1
2985,stropical,1
2986,tsimilar,1
2987,moonlight,1
2988,expressiveness,1
2989,ascent,1
2990,stringent,1
2991,confectionary,1
2992,upstaged,1
2993,lookthe,1
2994,strawgoldish,1
2995,texturaland,1
2996,inoffensive,1
2997,dedo,1
2998,rambunctious,1
2999,zappy,1
3000,hilarious,1
3001,runaway,1
3002,underbaked,1
3003,fullcreamy,1
3004,oxidative,1
3005,toffeeheavy,1
3006,loyal,1
3007,innovative,1
3008,unpastried,1
3009,platonic,1
3010,opus,1
3011,tributary,1
3012,inbetween,1
3013,uninfluenced,1
3014,spicysweet,1
3015,headnose,1
3016,ensconced,1
3017,shhhh,1
3018,edup,1
3019,sleek,1
3020,valueprice,1
3021,grassybitter,1
3022,qb,1
3023,oregan,1
3024,paky,1
3025,pricky,1
3026,sweater,1
3027,earthyherbal,1
3028,skip,1
3029,sepia,1
3030,underwhelms,1
3031,abusive,1
3032,marvel,1
3033,retrohale,1
3034,universe,1
3035,bozzy,1
3036,oilish,1
3037,foamycreamy,1
3038,inmejorable,1
3039,nota,1
3040,stygian,1
3041,instagramable,1
3042,decree,1
3043,locale,1
3044,gary,1
3045,quota,1
3046,neglecting,1
3047,dissolve,1
3048,disagreeable,1
3049,sprig,1
3050,floated,1
3051,headline,1
3052,poofy,1
3053,andva,1
3054,earthywet,1
3055,voidof,1
3056,tropucal,1
3057,establishment,1
3058,fruityhoppy,1
3059,pepperyburntherbal,1
3060,tropicalia,1
3061,intenst,1
3062,sulphur,1
3063,tremenduous,1
3064,funktastic,1
3065,chaotic,1
3066,blendof,1
3067,inferior,1
3068,collided,1
3069,vastness,1
3070,farmyrustic,1
3071,basementall,1
3072,noseapple,1
3073,sevenyear,1
3074,lattelike,1
3075,unbelevable,1
3076,afaikt,1
3077,ferocious,1
3078,unpolished,1
3079,longish,1
3080,yeastsourness,1
3081,litle,1
3082,imcredible,1
3083,funkhorse,1
3084,sleuth,1
3085,bauble,1
3086,grassyfloral,1
3087,bistro,1
3088,shoelws,1
3089,tupac,1
3090,superslow,1
3091,westv12,1
3092,conscious,1
3093,unclassy,1
3094,vinouslike,1
3095,westys,1
3096,eureka,1
3097,understood,1
3098,sbready,1
3099,tquite,1
3100,oquite,1
3101,domesticnorth,1
3102,cultlike,1
3103,lurid,1
3104,magentaminimal,1
3105,ala,1
3106,embarrassed,1
3107,ssour,1
3108,maimi,1
3109,unnatural,1
3110,grandiose,1
3111,tossup,1
3112,monthold,1
3113,trajectory,1
3114,undetermined,1
3115,alpinegreen,1
3116,mary,1
3117,aromaflavor,1
3118,lhazy,1
3119,tgreat,1
3120,fless,1
3121,mediumslickcarb,1
3122,somewhatchalky,1
3123,sipswallow,1
3124,cuminlike,1
3125,ojcitrus,1
3126,clinch,1
3127,streamofconsciousness,1
3128,mysterious,1
3129,trilltive,1
3130,nowt,1
3131,danknessripe,1
3132,fullish,1
3133,chocolage,1
3134,retail,1
3135,thicka,1
3136,njeyan,1
3137,brandybarrel,1
3138,tulsa,1
3139,okc,1
3140,abn,1
3141,unassailable,1
3142,nameyou,1
3143,honeymalt,1
3144,necatarine,1
3145,yhe,1
3146,fluke,1
3147,usurped,1
3148,walnutcharcoal,1
3149,moderatedeep,1
3150,eastern,1
3151,anaphylactic,1
3152,allergy,1
3153,epipen,1
3154,overheavy,1
3155,mundane,1
3156,marshmellow,1
3157,oo,1
3158,slushy,1
3159,headjust,1
3160,apropos,1
3161,modpalate,1
3162,statured,1
3163,internal,1
3164,straighten,1
3165,nearsessionability,1
3166,umamisoy,1
3167,erm,1
3168,uhm,1
3169,quote,1
3170,rubbish,1
3171,exceptioinal,1
3172,crafty,1
3173,sixtyfive,1
3174,ipad,1
3175,scarfed,1
3176,ambitious,1
3177,analyze,1
3178,incorrect,1
3179,involvement,1
3180,synergy,1
3181,portsmouth,1
3182,seal,1
3183,missouris,1
3184,preeconomic,1
3185,santana,1
3186,gretzky,1
3187,frigid,1
3188,wakechocolate,1
3189,nosecinnamon,1
3190,muchawesome,1
3191,thnx,1
3192,gor,1
3193,yearandahalf,1
3194,conspicuous,1
3195,unfamiliar,1
3196,andolive,1
3197,ww,1
3198,strengthen,1
3199,joyful,1
3200,kong,1
3201,season1718,1
3202,excepcional,1
3203,incluso,1
3204,nariz,1
3205,torelable,1
3206,luminescent,1
3207,unadulturated,1
3208,superlative,1
3209,slept,1
3210,wheatgrainy,1
3211,chief,1
3212,spacious,1
3213,merle,1
3214,mochabrown,1
3215,singed,1
3216,stuffed,1
3217,smokecharpepper,1
3218,temperaturesensitive,1
3219,venerable,1
3220,ponderous,1
3221,methodical,1
3222,hierarchy,1
3223,worn,1
3224,bearskin,1
3225,sluggy,1
3226,entertaining,1
3227,busydelicious,1
3228,syrupcaramized,1
3229,guar,1
3230,brownblackish,1
3231,spear,1
3232,mangosteen,1
3233,mangoish,1
3234,plumy,1
3235,lighttan,1
3236,citrussy,1
3237,reemergence,1
3238,citrusytropical,1
3239,pinr,1
3240,geri,1
3241,siesta,1
3242,porterfirst,1
3243,everconstant,1
3244,iota,1
3245,girlfriend,1
3246,nonimperial,1
3247,weekold,1
3248,litemoderate,1
3249,wary,1
3250,sensorik,1
3251,backlight,1
3252,niggle,1
3253,cuban,1
3254,snowman,1
3255,shrank,1
3256,tiquilla,1
3257,umm,1
3258,tasmanian,1
3259,nonfan,1
3260,pnc,1
3261,marble,1
3262,fizzle,1
3263,deaden,1
3264,cerebral,1
3265,aesthetic,1
3266,disect,1
3267,helpful,1
3268,lick,1
3269,rauch,1
3270,lrich,1
3271,fluffycreamy,1
3272,sortof,1
3273,gus,1
3274,aromathis,1
3275,uppertier,1
3276,gracious,1
3277,voluptuous,1
3278,linear,1
3279,headstrong,1
3280,inappropriate,1
3281,bart,1
3282,unaffected,1
3283,nocturn,1
3284,nectary,1
3285,insight,1
3286,representative,1
3287,creamysilkyvelvetybready,1
3288,sweetheavy,1
3289,fantast,1
3290,slips,1
3291,republic,1
3292,scenic,1
3293,whiskeyforward,1
3294,onthe,1
3295,pillowsoft,1
3296,unavoidable,1
3297,liar,1
3298,nonhoppy,1
3299,syruplike,1
3300,confetti,1
3301,atomic,1
3302,goofy,1
3303,optimal,1
3304,fruitcentric,1
3305,torn,1
3306,goaty,1
3307,sleaze,1
3308,agedsubmissive,1
3309,cobwebbed,1
3310,gorgonzola,1
3311,effervesce,1
3312,offbeat,1
3313,greenwhite,1
3314,salable,1
3315,cam,1
3316,persimmonarrive,1
3317,toured,1
3318,greatful,1
3319,urlhttpswwwlinlininthcoffeegrindersurl,1
3320,incomplete,1
3321,vegetablesgreen,1
3322,lt,1
3323,supplemented,1
3324,vanillachocolate,1
3325,undercuts,1
3326,carbonic,1
3327,corrosive,1
3328,bottlecraft,1
3329,saltine,1
3330,lightpale,1
3331,ftombthe,1
3332,impecable,1
3333,malolactic,1
3334,tide,1
3335,brutish,1
3336,glide,1
3337,palete,1
3338,wellmelded,1
3339,syrupish,1
3340,dryish,1
3341,fruitytropical,1
3342,grainyness,1
3343,franfab,1
3344,boozeyness,1
3345,bramble,1
3346,trendy,1
3347,necessitated,1
3348,overfluffed,1
3349,gent,1
3350,overdrive,1
3351,nerfed,1
3352,transitional,1
3353,darkorangegold,1
3354,ultrahigh,1
3355,maltheavy,1
3356,yearsjust,1
3357,herbalmedicinal,1
3358,edrinkable,1
3359,citrusyherbal,1
3360,englad,1
3361,s475,1
3362,o50,1
3363,overridden,1
3364,snifterized,1
3365,shrimp,1
3366,savorymeatymushroomy,1
3367,fin,1
3368,dandy,1
3369,ob,1
3370,alum,1
3371,astral,1
3372,veritable,1
3373,aquatinted,1
3374,unapproachable,1
3375,absolutley,1
3376,library,1
3377,norcal,1
3378,coffeecola,1
3379,cherrychocolatecaramel,1
3380,idaho,1
3381,diabetic,1
3382,chinese,1
3383,complexed,1
3384,loopsfresh,1
3385,thyme,1
3386,sichuan,1
3387,doubtful,1
3388,brashness,1
3389,boutique,1
3390,citrushoppy,1
3391,nigh,1
3392,wowthis,1
3393,material,1
3394,haystraw,1
3395,drastic,1
3396,bbl,1
3397,hfstyle,1
3398,funkified,1
3399,prodigious,1
3400,kerrs,1
3401,drivein,1
3402,dismiss,1
3403,evaporate,1
3404,historical,1
3405,leperjim,1
3406,unignorable,1
3407,incomprehensible,1
3408,jose,1
3409,creamytosticky,1
3410,⅓,1
3411,stickyslick,1
3412,spicyhot,1
3413,jive,1
3414,demonstrated,1
3415,thehot,1
3416,stickychalkytannic,1
3417,ittle,1
3418,breadychewy,1
3419,thisisterrific,1
3420,devious,1
3421,expectedrich,1
3422,ofcocoa,1
3423,inspirational,1
3424,annnnd,1
3425,chocolateyness,1
3426,dotty,1
3427,intial,1
3428,cordon,1
3429,vinousacetic,1
3430,rodenbachs,1
3431,tarty,1
3432,ormal,1
3433,colora,1
3434,lays,1
3435,resilient,1
3436,limey,1
3437,collective,1
3438,hhhazy,1
3439,outspoken,1
3440,peachyyeasty,1
3441,finishas,1
3442,earthydry,1
3443,idiotic,1
3444,tightlyknit,1
3445,meltdown,1
3446,nuclear,1
3447,hopsoaked,1
3448,smoothiness,1
3449,fumble,1
3450,jetpurple,1
3451,moderatemild,1
3452,enthusiastic,1
3453,beatufil,1
3454,mouthcrazy,1
3455,calmer,1
3456,winy,1
3457,sessionability,1
3458,pret,1
3459,lblown,1
3460,carnival,1
3461,defend,1
3462,browse,1
3463,rawfish,1
3464,untried,1
3465,larynx,1
3466,keeper,1
3467,homogeneous,1
3468,lightish,1
3469,transfixed,1
3470,repose,1
3471,purposeful,1
3472,sweetwarm,1
3473,withdraw,1
3474,nostril,1
3475,imbibed,1
3476,burnish,1
3477,naval,1
3478,ultrafine,1
3479,theae,1
3480,vineous,1
3481,tartbarnyard,1
3482,nelsonlike,1
3483,cared,1
3484,mediumish,1
3485,nightsfor,1
3486,crunchiness,1
3487,baltic,1
3488,fdrinkable,1
3489,subdue,1
3490,nonheavy,1
3491,petty,1
3492,greencitrusy,1
3493,pillowtop,1
3494,malleable,1
3495,dankresinous,1
3496,parish,1
3497,neipaapproachable,1
3498,consecutive,1
3499,trilliumstyle,1
3500,gap,1
3501,alesso,1
3502,johnny,1
3503,likeable,1
3504,walkoff,1
3505,pinnaple,1
3506,checkout,1
3507,ecstatic,1
3508,oprah,1
3509,rancid,1
3510,approximate,1
3511,noseno,1
3512,sameness,1
3513,nottooboozy,1
3514,frozen,1
3515,buffed,1
3516,boozeiness,1
3517,spongelike,1
3518,jealous,1
3519,beauteous,1
3520,bown,1
3521,stickicky,1
3522,pinz412,1
3523,backbite,1
3524,nay,1
3525,reckless,1
3526,promote,1
3527,pushy,1
3528,mello,1
3529,palmer,1
3530,unjustified,1
3531,unoffensive,1
3532,sbig,1
3533,mthick,1
3534,dragonball,1
3535,danknesspine,1
3536,englandstyle,1
3537,truckin,1
3538,costthere,1
3539,moneydont,1
3540,cloyingness,1
3541,tangylactose,1
3542,umamimeatinesssoy,1
3543,unpopular,1
3544,grouch,1
3545,distorted,1
3546,chocolateheavy,1
3547,alwayspresent,1
3548,utilize,1
3549,fruityfloral,1
3550,amberlight,1
3551,dojo,1
3552,guild,1
3553,honeyinfused,1
3554,soggy,1
3555,catfish,1
3556,leatheriness,1
3557,kirek,1
3558,rivaled,1
3559,flush,1
3560,subite,1
3561,brady,1
3562,scraper,1
3563,saunter,1
3564,speiglau,1
3565,bwine,1
3566,nonhead,1
3567,flavas,1
3568,noice,1
3569,toffeechocolatechewy,1
3570,atlantic,1
3571,chinatown,1
3572,yak,1
3573,lineman,1
3574,canteloupe,1
3575,beerim,1
3576,formt,1
3577,nonical,1
3578,sugarredolent,1
3579,devilishly,1
3580,nascent,1
3581,paleblond,1
3582,enamelstripingtart,1
3583,sunshinegolden,1
3584,indiscernible,1
3585,celestial,1
3586,emoji,1
3587,peachpear,1
3588,funkbarnyardhorseblankettartness,1
3589,bandaidish,1
3590,gushy,1
3591,outshine,1
3592,jamboree,1
3593,fantasticlambic,1
3594,raspberryish,1
3595,purplishred,1
3596,malic,1
3597,unpack,1
3598,deceptive,1
3599,chocolateflavored,1
3600,carribean,1
3601,dominican,1
3602,presume,1
3603,utopian,1
3604,indefinite,1
3605,digestive,1
3606,preferable,1
3607,bologna,1
3608,vodkaladen,1
3609,complexdelicious,1
3610,wildsour,1
3611,strawberrycherry,1
3612,lightbulb,1
3613,oneyear,1
3614,corey,1
3615,vsb,1
3616,null,1
3617,nic,1
3618,cumulative,1
3619,jaws,1
3620,mekong,1
3621,discrete,1
3622,coffeevanillainfused,1
3623,pumped,1
3624,unhappy,1
3625,whisks,1
3626,sweatness,1
3627,greyruby,1
3628,grayish,1
3629,detectible,1
3630,awaken,1
3631,tranquil,1
3632,jetbrown,1
3633,litany,1
3634,oakeyroasty,1
3635,displayed,1
3636,subtlenatural,1
3637,downfall,1
3638,cloyingacrid,1
3639,ez,1
3640,walnutpecan,1
3641,stonefruiy,1
3642,crank,1
3643,asmr,1
3644,facsimile,1
3645,unctiousness,1
3646,noce,1
3647,fiddlehead,1
3648,orangecaramel,1
3649,artdesign,1
3650,slightlytropical,1
3651,unsugared,1
3652,smoggy,1
3653,sprucey,1
3654,turpentinelevel,1
3655,contemporary,1
3656,deadripe,1
3657,lookvery,1
3658,smellripe,1
3659,feela,1
3660,disruptive,1
3661,off0white,1
3662,billow,1
